feature,top10_mean_abs_corr,max_abs_corr_other_feat,cluster_size_thr_0.8,cluster_size_thr_0.5,industry_score
Feature_1079,1.0004764318466184,1.0004764318466186,23,34,0.7842858591079711
Feature_1078,1.0004764318466184,1.0004764318466186,23,34,0.7842858591079711
Feature_1077,1.0004764318466184,1.0004764318466186,23,34,0.7842858591079711
Feature_1076,1.0004764318466184,1.0004764318466186,23,34,0.7842858591079711
Feature_1044,1.0004764318466184,1.0004764318466186,23,34,0.7842858591079711
Feature_1043,1.0004764318466184,1.0004764318466186,23,34,0.7842858591079711
Feature_1042,1.0004764318466184,1.0004764318466186,23,34,0.7842858591079711
Feature_1041,1.0004764318466184,1.0004764318466186,23,34,0.7842858591079711
Feature_1040,1.0004764318466184,1.0004764318466186,23,34,0.7842858591079711
Feature_1039,1.0004764318466184,1.0004764318466186,23,34,0.7842858591079711
Feature_1038,1.0004764318466184,1.0004764318466186,23,34,0.7842858591079711
Feature_1037,1.0004764318466184,1.0004764318466186,23,34,0.7842858591079711
Feature_979,0.9986632227897644,0.9986632227897644,23,34,0.7831979336738587
Feature_945,0.9983954191207886,0.9983954191207886,23,34,0.7830372514724732
Feature_293,0.996874165534973,0.9968741655349731,23,34,0.7821244993209838
Feature_926,0.9957187008857726,0.9972970306873321,23,34,0.7814312205314636
Feature_944,0.9941037487983703,0.9983954548835754,23,34,0.7804622492790222
Feature_946,0.9924389493465423,0.9983954548835754,23,34,0.7794633696079254
Feature_969,0.9751956760883331,0.9751956760883331,23,32,0.7691174056529999
Feature_943,0.9701693654060364,0.9701693654060364,23,32,0.7661016192436219
Feature_973,0.933072543144226,0.933072543144226,22,32,0.7358435258865357
Feature_756,0.8715199172496796,0.9396508455276489,26,121,0.7309119503498078
Feature_758,0.8838782292604448,0.9470538079738617,25,138,0.7303269375562669
Feature_757,0.8838003492355346,0.9452024757862091,25,142,0.7302802095413208
Feature_968,0.8976060354709625,0.8976444125175476,23,32,0.7225636212825776
Feature_939,0.8913006246089935,0.8913006246089935,22,32,0.7107803747653961
Feature_743,0.8923889732360839,0.9454766929149627,20,149,0.6954333839416503
Feature_739,0.8615719521045685,0.913688462972641,22,131,0.6929431712627411
Feature_3,0.9793771773576735,0.9968504726886749,13,15,0.6916263064146041
Feature_2,0.9782025617361068,0.9981000542640686,13,15,0.690921537041664
Feature_45,0.9779024004936216,0.9968504726886749,13,15,0.6907414402961729
Feature_44,0.9776816052198409,0.9981000542640686,13,15,0.6906089631319046
Feature_4,0.9775493705272675,0.9942895531654358,13,15,0.6905296223163605
Feature_755,0.8703364396095277,0.944845175743103,21,134,0.6902018637657166
Feature_1,0.9766260170936585,0.9984682440757752,13,15,0.689975610256195
Feature_43,0.976489948630333,0.9984682440757752,13,15,0.6898939691781998
Feature_46,0.9749555158615111,0.9942895531654358,13,15,0.6889733095169066
Feature_552,0.9040460139513016,0.9946096897125244,18,106,0.686427608370781
Feature_309,0.9036313658952713,0.9946096897125244,18,106,0.6861788195371628
Feature_5,0.9700688368082047,0.9913389384746552,13,15,0.6860413020849228
Feature_306,0.9011790472269059,0.994065934419632,18,102,0.6847074283361435
Feature_548,0.90089497089386,0.994065934419632,18,102,0.684536982536316
Feature_47,0.966094234585762,0.9913389384746552,13,15,0.6836565407514572
Feature_738,0.8573562455177306,0.9396508455276489,21,120,0.6824137473106384
Feature_241,0.9063378268480301,0.9468797028064728,17,35,0.679802696108818
Feature_6,0.9592200940847396,0.9875312328338623,13,15,0.6795320564508437
Feature_741,0.8767607384920121,0.944845175743103,19,149,0.6780564430952073
Feature_167,0.9290903937816619,0.9838995456695556,15,34,0.6774542362689971
Feature_169,0.928506252169609,0.9778386950492859,15,34,0.6771037513017654
Feature_170,0.9284205543994902,0.9838995456695556,15,34,0.6770523326396941
Feature_48,0.9533578884601595,0.9875312328338623,13,15,0.6760147330760956
Feature_171,0.9255554699897767,0.9880614876747131,15,34,0.675333281993866
Feature_165,0.9227439504861831,0.9880614876747131,15,34,0.6736463702917098
Feature_554,0.9047335243225098,0.9942286372184753,16,104,0.6708401145935058
Feature_310,0.9040122699737548,0.9942286372184753,16,102,0.6704073619842529
Feature_551,0.9033826833963394,0.9941437363624572,16,100,0.6700296100378036
Feature_308,0.9031139475107193,0.9941437363624572,16,100,0.6698683685064315
Feature_307,0.9029411435127258,0.9942561149597168,16,101,0.6697646861076355
Feature_549,0.9024934619665146,0.9942561149597168,16,101,0.6694960771799088
Feature_7,0.9423724573850631,0.9840688169002533,13,15,0.6694234744310379
Feature_906,0.9670671314001084,0.9968676030635834,11,21,0.668240278840065
Feature_907,0.9668331426382064,0.9968676030635834,11,21,0.6680998855829238
Feature_902,0.9664813745021821,0.9934017121791839,11,21,0.6678888247013092
Feature_896,0.9662687397003176,0.99584059715271,11,21,0.6677612438201905
Feature_900,0.9650954860448836,0.9934017121791839,11,21,0.6670572916269301
Feature_908,0.9642809808254242,0.9901448845863342,11,21,0.6665685884952545
Feature_239,0.9095273864269255,0.9615801632404327,15,35,0.6657164318561553
Feature_895,0.8404876434803008,0.8436847150325775,20,32,0.6642925860881805
Feature_49,0.933602112531662,0.9840688169002533,13,15,0.6641612675189972
Feature_721,0.8915524250268936,0.927915894985199,16,145,0.6629314550161362
Feature_901,0.9568780422210693,0.993234646320343,11,21,0.6621268253326416
Feature_899,0.9560061913728714,0.993234646320343,11,21,0.6616037148237227
Feature_910,0.9531568318605423,0.9826363146305084,11,21,0.6598940991163253
Feature_166,0.9262966829538346,0.9755267083644867,13,34,0.6597780097723007
Feature_731,0.8725417298078538,0.9246363818645478,17,144,0.6595250378847123
Feature_744,0.8849721705913544,0.9470538079738617,16,142,0.6589833023548126
Feature_558,0.8773800396919251,0.994508171081543,16,109,0.6544280238151551
Feature_320,0.8768595647811889,0.994508171081543,16,110,0.6541157388687133
Feature_243,0.9014756470918656,0.9615801632404327,14,35,0.6528853882551193
Feature_771,0.8964450705051423,0.9476493537425995,14,130,0.6498670423030853
Feature_559,0.896335136294365,0.9942312359809875,14,107,0.649801081776619
Feature_321,0.8960333329439163,0.9942312359809875,14,107,0.6496199997663498
Feature_546,0.8957495516538622,0.9946136355400086,14,101,0.6494497309923173
Feature_305,0.8957475018501281,0.9946136355400086,14,101,0.6494485011100768
Feature_785,0.8904720360040665,0.9476493537425995,14,126,0.6462832216024399
Feature_113,0.9162582319974899,0.9464039742946625,12,22,0.6457549391984939
Feature_556,0.9019329160451889,0.934560912847519,13,108,0.6451597496271133
Feature_117,0.9283706748485565,0.9715960800647736,11,12,0.6450224049091339
Feature_477,0.8722470772266387,0.9421712517738342,15,37,0.6433482463359832
Feature_735,0.8587801986932755,0.8884696543216706,16,126,0.6432681192159653
Feature_123,0.9250321388244629,0.9715960800647736,11,11,0.6430192832946777
Feature_475,0.883483608365059,0.9208501040935516,14,35,0.6420901650190354
Feature_119,0.9232059478759765,0.9505940616130829,11,12,0.6419235687255859
Feature_734,0.842561439871788,0.8814600110054016,17,111,0.6415368639230727
Feature_303,0.8825220119953157,0.994612592458725,14,97,0.6415132071971894
Feature_769,0.882457577586174,0.9495080411434174,14,129,0.6414745465517044
Feature_122,0.9214499652385711,0.9505940616130829,11,12,0.6408699791431426
Feature_118,0.9184580463171004,0.9479706823825836,11,12,0.6390748277902601
Feature_121,0.917406868338585,0.9439715385437012,11,12,0.638444121003151
Feature_304,0.8903489947319031,0.9946415781974792,13,102,0.6382093968391418
Feature_111,0.9168999135494232,0.9686731040477753,11,24,0.6381399481296539
Feature_545,0.8901823472976685,0.9946415781974792,13,102,0.6381094083786011
Feature_478,0.8885378423333169,0.9396711766719819,13,37,0.63712270539999
Feature_411,0.914999765753746,0.9594663977622986,11,11,0.6369998594522476
Feature_185,0.9147988843917846,0.9584695518016815,11,14,0.6368793306350707
Feature_317,0.8744471603631971,0.9948864042758941,14,122,0.6366682962179182
Feature_547,0.8736286532878876,0.9948864042758941,14,122,0.6361771919727326
Feature_918,0.900239446759224,0.9917972445487976,12,23,0.6361436680555344
Feature_915,0.8999151134490967,0.9917972445487976,12,23,0.635949068069458
Feature_599,0.8862104737758637,0.9418718874454498,13,106,0.6357262842655181
Feature_120,0.9118206417560577,0.9378465175628662,11,12,0.6350923850536345
Feature_242,0.8841009324789046,0.9484802544116974,13,33,0.6344605594873427
Feature_115,0.9103520995378493,0.9676997482776641,11,25,0.6342112597227095
Feature_560,0.9094380921125411,0.9942811489105224,11,102,0.6336628552675246
Feature_322,0.9093379336595534,0.9942811489105224,11,101,0.633602760195732
Feature_543,0.8825531160831451,0.994612592458725,13,98,0.6335318696498871
Feature_137,0.9089494067430495,0.9490597963333129,11,13,0.6333696440458296
Feature_289,0.9218416059017182,0.9730767607688904,10,12,0.6331049635410309
Feature_722,0.8809515315294266,0.9364592254161834,13,125,0.6325709189176559
Feature_746,0.8676017808914184,0.949013763666153,14,153,0.632561068534851
Feature_406,0.880880672931671,0.9513378739356995,13,23,0.6325284037590025
Feature_316,0.8928443497419357,0.995061320066452,12,123,0.6317066098451614
Feature_544,0.8920526838302612,0.995061320066452,12,123,0.6312316102981567
Feature_919,0.9051364862918854,0.9168206453323364,11,26,0.6310818917751312
Feature_410,0.9051270765066146,0.9272177815437317,11,12,0.6310762459039687
Feature_681,0.8763981264829637,0.975025224685669,13,116,0.6298388758897782
Feature_319,0.8749909085035326,0.9943415760993958,13,121,0.6289945451021195
Feature_553,0.8747522902488709,0.9943415760993958,13,120,0.6288513741493225
Feature_114,0.901170198917389,0.9686731040477753,11,22,0.6287021193504334
Feature_110,0.887446287870407,0.9460643351078033,12,22,0.6284677727222442
Feature_168,0.9137875586748123,0.9559230446815491,10,34,0.6282725352048875
Feature_201,0.9269154345989227,0.9731757402420044,9,20,0.6281492607593535
Feature_172,0.9128649753332139,0.9481800138950348,10,34,0.6277189851999283
Feature_199,0.9258752071857451,0.9769680619239807,9,19,0.627525124311447
Feature_733,0.8458240562677384,0.8692500472068787,15,123,0.627494433760643
Feature_202,0.9250370186567306,0.9769680619239807,9,19,0.6270222111940383
Feature_265,0.8980646860599517,0.9452975213527679,11,17,0.626838811635971
Feature_203,0.9242693197727204,0.9803193807601929,9,19,0.6265615918636321
Feature_786,0.8837631404399874,0.9446831226348877,12,118,0.6262578842639924
Feature_318,0.870342913866043,0.9944905579090119,13,125,0.6262057483196257
Feature_550,0.8695753532648087,0.9944905579090119,13,125,0.6257452119588852
Feature_198,0.9228030329942702,0.9731757402420044,9,19,0.6256818197965621
Feature_287,0.9227573263645172,0.9827686250209808,9,12,0.6256543958187103
Feature_286,0.909420879483223,0.9730767607688904,10,12,0.6256525276899338
Feature_197,0.9223145800828935,0.9803193807601929,9,19,0.625388748049736
Feature_679,0.8815245687961578,0.975025224685669,12,111,0.6249147412776946
Feature_725,0.8814392095804214,0.9489594638347626,12,124,0.6248635257482528
Feature_767,0.8671622306108475,0.9191695749759674,13,114,0.6242973383665085
Feature_182,0.8937684518098831,0.9584695518016815,11,14,0.6242610710859298
Feature_217,0.9199437725543976,0.9847440004348755,9,12,0.6239662635326385
Feature_26,0.8529761946201324,0.8946616470813751,14,143,0.6237857167720794
Feature_13,0.8790423786640167,0.9470404803752899,12,101,0.62342542719841
Feature_183,0.9052689003944396,0.9684500455856323,10,14,0.6231613402366638
Feature_215,0.9184883296489715,0.989847469329834,9,12,0.6230929977893829
Feature_754,0.8651473373174667,0.9392764627933502,13,92,0.62308840239048
Feature_291,0.9179251164197921,0.9827686250209808,9,12,0.6227550698518752
Feature_135,0.904429750442505,0.9662908911705017,10,13,0.6226578502655029
Feature_557,0.8907778900861741,0.9945553600788116,11,106,0.6224667340517044
Feature_311,0.8905206030607223,0.9945553600788116,11,106,0.6223123618364333
Feature_290,0.916066734790802,0.9817059934139252,9,12,0.6216400408744811
Feature_271,0.9292283415794372,0.9920938670635223,8,23,0.6215370049476623
Feature_124,0.8890167361497878,0.9272177815437317,11,12,0.6214100416898727
Feature_625,0.8755980664491652,0.9730773806571961,12,135,0.621358839869499
Feature_273,0.9282097667455673,0.988655173778534,8,23,0.6209258600473404
Feature_218,0.9144780987501144,0.9896652102470398,9,12,0.6206868592500686
Feature_275,0.9277802771329879,0.9920938670635223,8,23,0.6206681662797928
Feature_219,0.9140693670511245,0.9912274241447449,9,12,0.6204416202306746
Feature_274,0.926508795619011,0.9918821156024933,8,23,0.6199052773714067
Feature_420,0.8730010449886322,0.9495451092720032,12,13,0.6198006269931793
Feature_408,0.8729965406656266,0.9259335160255432,12,22,0.6197979243993759
Feature_595,0.8728300803899766,0.9440988659858703,12,126,0.6196980482339859
Feature_214,0.9126194334030151,0.9847440004348755,9,12,0.619571660041809
Feature_109,0.8992841744422911,0.9713988721370697,10,28,0.6195705046653748
Feature_269,0.9258232086896895,0.991872501373291,8,23,0.6194939252138136
Feature_204,0.912330687046051,0.9502519071102142,9,20,0.6193984122276306
Feature_200,0.9116051632165909,0.9558478236198426,9,19,0.6189630979299545
Feature_285,0.9115727841854095,0.9812244176864624,9,12,0.6189436705112457
Feature_772,0.884480727314949,0.9459526658058166,11,119,0.6186884363889693
Feature_270,0.9241489845514298,0.988655173778534,8,23,0.618489390730858
Feature_740,0.8572494608163833,0.9392764627933502,13,101,0.61834967648983
Feature_407,0.89673585832119,0.9713988721370697,10,28,0.6180415149927139
Feature_292,0.8966301822662353,0.9364999055862426,10,12,0.6179781093597412
Feature_116,0.8697587835788727,0.9513378739356995,12,23,0.6178552701473236
Feature_237,0.8825855153799056,0.9507153451442718,11,36,0.6175513092279433
Feature_542,0.8820408779382707,0.995066112279892,11,102,0.6172245267629624
Feature_140,0.8683538752794264,0.9495451092720032,12,13,0.6170123251676558
Feature_302,0.8816796565055846,0.995066112279892,11,102,0.6170077939033507
Feature_238,0.8682562911510467,0.9302093803882598,12,33,0.616953774690628
Feature_186,0.8948473173379897,0.9684500455856323,10,14,0.6169083904027939
Feature_213,0.9078147310018538,0.9912274241447449,9,12,0.6166888386011122
Feature_447,0.881054092645645,0.9407494246959687,11,14,0.616632455587387
Feature_783,0.8671914035081864,0.9495080411434174,12,122,0.6163148421049117
Feature_623,0.8803741627931595,0.9730773806571961,11,131,0.6162244976758956
Feature_479,0.8533433616161347,0.8972756087779998,13,33,0.6160060169696807
Feature_760,0.8665540909767151,0.949013763666153,12,131,0.615932454586029
Feature_153,0.9049689084291458,0.9751270353794098,9,11,0.6149813450574874
Feature_220,0.9045299589633942,0.9544196128845215,9,12,0.6147179753780364
Feature_276,0.9177675628662108,0.9755950093269348,8,23,0.6146605377197265
Feature_540,0.877396252155304,0.9946024894714356,11,101,0.6144377512931823
Feature_244,0.8639817774295807,0.9421712517738342,12,34,0.6143890664577484
Feature_526,0.8900928658246994,0.9881670534610748,10,99,0.6140557194948195
Feature_301,0.8766607046127319,0.9946024894714356,11,101,0.6139964227676391
Feature_272,0.9159968358278274,0.9765098392963409,8,23,0.6135981014966965
Feature_1081,0.9154706448316574,0.9721069693565368,8,23,0.6132823868989945
Feature_1085,0.9019810992479325,0.9404520273208619,9,21,0.6131886595487595
Feature_151,0.9016819506883621,0.984362256526947,9,11,0.6130091704130172
Feature_886,0.848099518418312,0.8692475438117981,13,38,0.6128597110509871
Feature_382,0.8880774706602097,0.9881670534610748,10,99,0.6128464823961257
Feature_680,0.8741519916057587,0.9598977625370025,11,103,0.6124911949634552
Feature_177,0.9117115259170531,0.9794608116149902,8,13,0.6110269155502319
Feature_445,0.871515349149704,0.948980039358139,11,14,0.6109092094898223
Feature_216,0.8978399235010148,0.9596206247806549,9,12,0.6107039541006088
Feature_175,0.9110919666290285,0.9861760079860687,8,13,0.6106551799774171
Feature_529,0.8823111087083817,0.9935627758502961,10,42,0.609386665225029
Feature_288,0.8817754983901978,0.9373626053333283,10,12,0.6090652990341185
Feature_379,0.8815546828508378,0.9935627758502961,10,42,0.6089328097105027
Feature_178,0.9071758276224136,0.9861760079860687,8,13,0.608305496573448
Feature_179,0.9062476843595505,0.9854525864124298,8,13,0.6077486106157304
Feature_380,0.8790983575582503,0.9613803148269653,10,122,0.6074590145349501
Feature_187,0.8915235614776613,0.9663639068603516,9,15,0.6069141368865967
Feature_174,0.9046844613552093,0.9794608116149902,8,13,0.6068106768131256
Feature_150,0.8911080700159074,0.9731571257114411,9,11,0.6066648420095444
Feature_732,0.8639219307899475,0.9363411664962769,11,122,0.6063531584739684
Feature_193,0.9039069455862047,0.9760080277919769,8,12,0.6063441673517227
Feature_570,0.8637067627906798,0.9174703419208526,11,100,0.6062240576744078
Feature_139,0.8901332372426987,0.9662908911705017,9,13,0.6060799423456191
Feature_313,0.8763541316986083,0.9953731238842011,10,115,0.605812479019165
Feature_263,0.8893416756391526,0.9597720384597779,9,17,0.6056050053834915
Feature_566,0.8757606226205826,0.9953731238842011,10,114,0.6054563735723495
Feature_624,0.875327924489975,0.9583982825279236,10,125,0.6051967546939849
Feature_134,0.8751300555467607,0.9404851377010346,10,13,0.6050780333280563
Feature_1001,0.861127028465271,0.8941620647907257,11,12,0.6046762170791625
Feature_156,0.8875753259658813,0.9546070456504822,9,10,0.6045451955795287
Feature_173,0.8995964038372039,0.9834494054317474,8,13,0.6037578423023222
Feature_409,0.8592668640613557,0.8963777899742127,11,12,0.6035601184368133
Feature_524,0.8855974066257477,0.9938137590885162,9,49,0.6033584439754486
Feature_422,0.8581151616573333,0.9159143626689911,11,13,0.6028690969943999
Feature_381,0.8847270470857621,0.9938137590885162,9,50,0.6028362282514572
Feature_191,0.8969881522655486,0.9862180769443512,8,12,0.6021928913593291
Feature_138,0.8836283230781555,0.9617024838924408,9,13,0.6021769938468933
Feature_729,0.8559833300113677,0.901482343673706,11,107,0.6015899980068206
Feature_597,0.8690836066007614,0.9490107119083404,10,106,0.6014501639604568
Feature_605,0.8690251040458679,0.9462781310081482,10,115,0.6014150624275207
Feature_145,0.8947799867391586,0.9698020875453949,8,16,0.6008679920434952
Feature_154,0.8943293911218643,0.9840364396572113,8,11,0.6005976346731186
Feature_446,0.8806642997264863,0.9716002941131592,9,15,0.6003985798358917
Feature_155,0.8939819252490997,0.9852928280830383,8,11,0.6003891551494598
Feature_426,0.8801759523153304,0.9546070456504822,9,10,0.6001055713891982
Feature_590,0.8531712639331817,0.9308962345123291,11,122,0.5999027583599089
Feature_589,0.8528051680326462,0.9158627808094024,11,124,0.5996831008195876
Feature_143,0.8927545195817949,0.9786291897296906,8,16,0.5996527117490769
Feature_528,0.8649769675731658,0.9934111475944519,10,26,0.5989861805438994
Feature_190,0.8911055278778075,0.9760080277919769,8,12,0.5986633167266844
Feature_377,0.8642999017238617,0.9934111475944519,10,26,0.5985799410343171
Feature_362,0.8634940016269684,0.9378742575645447,10,37,0.5980964009761811
Feature_505,0.8633283549547194,0.9540485441684723,10,17,0.5979970129728316
Feature_194,0.8899495643377303,0.9851848244667053,8,12,0.5979697386026381
Feature_207,0.8760556262731551,0.9410231053829193,9,94,0.597633375763893
Feature_1060,0.8756251782178879,0.961688655614853,9,24,0.5973751069307327
Feature_235,0.8480534046888352,0.9247142016887665,11,22,0.596832042813301
Feature_152,0.873706025481224,0.9452204883098603,9,10,0.5962236152887344
Feature_763,0.8600796389579773,0.8946888446807861,10,109,0.5960477833747864
Feature_449,0.873172944188118,0.9490296602249145,9,12,0.5959037665128707
Feature_742,0.8598354697227478,0.9362230956554413,10,130,0.5959012818336487
Feature_196,0.8730452984571457,0.9490296602249145,9,12,0.5958271790742874
Feature_195,0.8858516341447832,0.9912906467914582,8,12,0.5955109804868699
Feature_149,0.8848869144916535,0.9852928280830383,8,11,0.5949321486949921
Feature_133,0.8712542402744294,0.9658392012119293,9,13,0.5947525441646576
Feature_180,0.8844872486591339,0.9417389810085297,8,13,0.5946923491954803
Feature_146,0.8843840634822847,0.978050708770752,8,16,0.5946304380893708
Feature_147,0.8836677783727647,0.9786291897296906,8,16,0.5942006670236588
Feature_774,0.8683125138282776,0.9494175016880035,9,136,0.5929875082969664
Feature_467,0.867286647222936,0.9247142016887665,9,22,0.5923719883337616
Feature_365,0.8403340753912925,0.9108847498893737,11,34,0.5922004452347754
Feature_176,0.8801776176691055,0.9432038724422455,8,13,0.5921065706014632
Feature_378,0.8664101260900499,0.971784234046936,9,114,0.5918460756540298
Feature_770,0.8656871896982195,0.9405088007450104,9,119,0.5914123138189316
Feature_421,0.8653806984424591,0.9656033515930176,9,13,0.5912284190654754
Feature_768,0.8651859313249588,0.9403647601604461,9,103,0.5911115587949752
Feature_27,0.8517303955554963,0.9290465593338013,10,122,0.5910382373332979
Feature_262,0.8516314801573752,0.9284485876560211,10,17,0.5909788880944251
Feature_189,0.8775324624776841,0.9912906467914582,8,12,0.5905194774866105
Feature_999,0.8637041169404984,0.9112354815006256,9,48,0.590222470164299
Feature_142,0.8767795437574387,0.9698020875453949,8,16,0.5900677262544631
Feature_181,0.8763076055049897,0.9716002941131592,8,15,0.5897845633029937
Feature_620,0.8621577548980713,0.9489479243755341,9,119,0.5892946529388428
Feature_719,0.8619315803050995,0.9174489498138427,9,130,0.5891589481830597
Feature_450,0.8615315294265746,0.9184361338615418,9,19,0.5889189176559447
Feature_315,0.8470379561185837,0.9955187559127807,10,126,0.5882227736711503
Feature_441,0.8603410828113557,0.9182768106460572,9,34,0.5882046496868133
Feature_192,0.873669108748436,0.9457480609416962,8,12,0.5882014652490615
Feature_527,0.8602529799938201,0.9935840606689453,9,53,0.588151787996292
Feature_541,0.8465680980682372,0.9955187559127807,10,126,0.5879408588409423
Feature_383,0.8594186711311339,0.9935840606689453,9,53,0.5876512026786803
Feature_148,0.8590199893712998,0.9451108992099762,9,17,0.5874119936227797
Feature_841,0.8454197901487351,0.8763899147510529,10,12,0.5872518740892412
Feature_141,0.8718774843215943,0.9739704847335815,8,16,0.5871264905929565
Feature_593,0.8583169656991959,0.9495731294155121,9,101,0.5869901794195175
Feature_424,0.8581326580047607,0.9451108992099762,9,17,0.5868795948028563
Feature_267,0.870537664294243,0.9597720384597779,8,17,0.5863225985765457
Feature_211,0.8699423241615296,0.9410231053829193,8,100,0.5859653944969176
Feature_255,0.8564755696058273,0.9190382242202759,9,14,0.5858853417634963
Feature_455,0.8561137431859971,0.9416302800178528,9,112,0.5856682459115982
Feature_822,0.8551397037506103,1.0004765033721923,9,44,0.5850838222503661
Feature_840,0.8551396209001542,1.0004765033721923,9,44,0.5850837725400925
Feature_366,0.8283731687068938,0.9108847498893737,11,34,0.5850239012241363
Feature_723,0.8537476432323455,0.9053285300731659,9,145,0.5842485859394072
Feature_788,0.8535600632429123,0.9494175016880035,9,123,0.5841360379457473
Feature_188,0.8530090260505675,0.948980039358139,9,14,0.5838054156303404
Feature_567,0.8522644954919816,0.9950341522693634,9,94,0.5833586972951889
Feature_112,0.8518791353702545,0.8986412644386291,9,18,0.5831274812221526
Feature_568,0.8518222630023956,0.9948298156261444,9,96,0.5830933578014373
Feature_268,0.8517766976356507,0.9540485441684723,9,17,0.5830660185813903
Feature_10,0.851374089717865,0.9160427451133728,9,96,0.5828244538307189
Feature_300,0.8512777990102768,0.9948298156261444,9,96,0.582766679406166
Feature_25,0.8368506032228471,0.8946616470813751,10,139,0.5821103619337082
Feature_619,0.8631380647420883,0.966975349187851,8,121,0.581882838845253
Feature_465,0.8491169247031213,0.9818044602870941,9,22,0.5814701548218727
Feature_259,0.8614111077785491,0.9602088809013367,8,14,0.5808466646671295
Feature_675,0.8597200351953507,0.9698769211769104,8,101,0.5798320211172103
Feature_497,0.859562254548073,0.9602088809013367,8,13,0.5797373527288439
Feature_621,0.8591339635849,0.966975349187851,8,120,0.5794803781509399
Feature_266,0.8588173204660414,0.9493873059749603,8,17,0.5792903922796249
Feature_677,0.8582432442903519,0.9698769211769104,8,106,0.5789459465742111
Feature_727,0.8441955345869063,0.9489594638347626,9,100,0.5785173207521437
Feature_761,0.8433028000593185,0.8775756597518921,9,115,0.577981680035591
Feature_726,0.8564329087734223,0.9409871816635131,8,93,0.5778597452640533
Feature_766,0.8546949332952499,0.9436683177947998,8,111,0.57681695997715
Feature_35,0.8411486023664473,0.9308962345123291,9,120,0.5766891614198683
Feature_184,0.8540380477905274,0.9007902324199677,8,14,0.5764228286743165
Feature_299,0.8518991714715958,0.9950341522693634,8,94,0.5751395028829573
Feature_144,0.8517136615514754,0.9208458364009857,8,16,0.5750281969308852
Feature_988,0.8379041540622711,0.8850128948688507,9,12,0.5747424924373626
Feature_428,0.8502948343753814,0.9416033804416657,8,11,0.5741769006252289
Feature_368,0.8362957340478896,0.9509838163852692,9,31,0.5737774404287337
Feature_12,0.8474597853422166,0.9226738154888153,8,118,0.57247587120533
Feature_730,0.8437828585505486,0.9200136959552765,8,103,0.5702697151303291
Feature_676,0.855708755850792,0.9494660079479218,7,95,0.5694252535104752
Feature_225,0.8422770628333092,0.9667792081832886,8,9,0.5693662376999855
Feature_603,0.8411612063646317,0.947128564119339,8,70,0.568696723818779
Feature_452,0.8403246432542802,0.9141320765018464,8,88,0.5681947859525682
Feature_720,0.8526140081882476,0.9309810042381287,7,111,0.5675684049129486
Feature_747,0.8121079808473588,0.8239088833332062,10,87,0.5672647885084152
Feature_205,0.8509322082996368,0.9821110665798187,7,110,0.5665593249797821
Feature_457,0.8368896269798279,0.9238414585590362,8,12,0.5661337761878968
Feature_745,0.8367400056123733,0.9416239619255066,8,69,0.5660440033674239
Feature_34,0.8367255526781081,0.9158627808094024,8,129,0.5660353316068649
Feature_298,0.8487560105323793,0.9955125331878663,7,82,0.5652536063194276
Feature_565,0.8483202582597732,0.9955125331878663,7,82,0.564992154955864
Feature_314,0.834572461247444,0.9951621711254119,8,113,0.5647434767484665
Feature_506,0.8472309565544128,0.9570447981357575,7,17,0.5643385739326477
Feature_888,0.832875947356224,1.0004764795303345,8,36,0.5637255684137343
Feature_941,0.832875838279724,1.0004764795303345,8,36,0.5637255029678343
Feature_459,0.8194250301271678,0.9591473817825318,9,9,0.5636550180763007
Feature_369,0.8320546381920575,0.9509838163852692,8,31,0.5632327829152345
Feature_223,0.8320069234445692,0.9808184325695037,8,9,0.5632041540667414
Feature_986,0.8185282790660858,0.8294421792030334,9,32,0.5631169674396515
Feature_229,0.8417634311318398,0.9818044602870941,7,22,0.561058058679104
Feature_784,0.8538550066947936,0.9436683177947998,6,111,0.5603130040168762
Feature_222,0.8268303293734789,0.9667792081832886,8,9,0.5600981976240873
Feature_228,0.8127284647524358,0.9591473817825318,9,9,0.5596370788514614
Feature_210,0.8389243865013123,0.9385109424591065,7,77,0.5593546319007874
Feature_461,0.8388327641785143,0.9370852828025817,7,22,0.5592996585071086
Feature_226,0.8253664853796364,0.9807225346565247,8,9,0.5592198912277818
Feature_163,0.8381057018041611,0.9550331234931946,7,13,0.5588634210824966
Feature_564,0.8510783487558365,0.9958897531032562,6,70,0.558647009253502
Feature_297,0.8507957124710084,0.9958897531032562,6,70,0.5584774274826051
Feature_678,0.8227570050954819,0.8841956853866577,8,67,0.5576542030572891
Feature_23,0.8355921322107316,0.8872294783592224,7,124,0.557355279326439
Feature_1058,0.82204259455204,0.8420549094676971,8,12,0.557225556731224
Feature_587,0.8352632772922515,0.9047094523906708,7,116,0.5571579663753509
Feature_471,0.8351285371184348,0.9370852828025817,7,22,0.5570771222710609
Feature_762,0.8348903530836106,0.8824622929096222,7,89,0.5569342118501663
Feature_1120,0.8482124322652815,0.9821110665798187,6,110,0.556927459359169
Feature_569,0.833667379617691,0.9951621711254119,7,113,0.5562004277706146
Feature_227,0.8200568223744631,0.9808184325695037,8,9,0.5560340934246779
Feature_136,0.8324789226055145,0.8802889227867127,7,13,0.5554873535633087
Feature_974,0.8457031971216203,1.0000471115112304,6,35,0.5554219182729723
Feature_962,0.8455915039777755,1.0000471115112304,6,35,0.5553549023866653
Feature_240,0.8316976922750474,0.8810616672039032,7,33,0.5550186153650285
Feature_1086,0.817721089720726,0.8289655089378357,8,31,0.5546326538324355
Feature_438,0.8308349427580832,0.9444556415081025,7,12,0.55450096565485
Feature_261,0.843640420436859,0.9570447981357575,6,17,0.5541842522621154
Feature_759,0.83024968624115,0.9416239619255066,7,49,0.55414981174469
Feature_231,0.8294477663654835,0.9175107538700104,7,22,0.55366865981929
Feature_209,0.8424680405855179,0.9117190122604371,6,73,0.5534808243513107
Feature_1061,0.8290164214372634,0.9112354815006256,7,51,0.553409852862358
Feature_724,0.8405734390020371,0.90923712849617,6,127,0.5523440634012222
Feature_985,0.8272293388843537,0.9223558366298675,7,13,0.5523376033306122
Feature_622,0.8264749360084533,0.8889236867427825,7,98,0.551884961605072
Feature_312,0.83918277323246,0.9949720203876495,6,93,0.5515096639394761
Feature_434,0.8385656982660293,0.9550331234931946,6,13,0.5511394189596176
Feature_932,0.8385105776786803,0.9788106918334961,6,36,0.5511063466072083
Feature_127,0.8251737928390502,0.9401680111885071,7,11,0.5511042757034301
Feature_494,0.8249521827697753,0.9421798527240753,7,13,0.5509713096618652
Feature_563,0.837781589627266,0.9949720203876495,6,93,0.5506689537763596
Feature_24,0.8240308374166488,0.8906984031200409,7,138,0.5504185024499894
Feature_596,0.8191698747873305,0.8698484420776367,7,112,0.5475019248723983
Feature_221,0.8055220267921687,0.9798154532909393,8,9,0.5473132160753011
Feature_470,0.8316349949687719,0.9243180811405182,6,22,0.5469809969812631
Feature_11,0.8316308325529098,0.9129180252552033,6,104,0.5469784995317459
Feature_224,0.804482130408287,0.9240388035774231,8,9,0.5466892782449722
Feature_376,0.8310960000753402,0.9715336501598358,6,93,0.5466576000452041
Feature_404,0.8282868587970732,0.926330816745758,6,17,0.544972115278244
Feature_443,0.8263438045978546,0.9249577581882477,6,14,0.5438062827587128
Feature_500,0.8247571021318436,0.9304348707199097,6,13,0.5428542612791062
Feature_963,0.837137493491173,0.9724353790283203,5,35,0.5422824960947038
Feature_501,0.8235320365428924,0.9308916389942169,6,12,0.5421192219257355
Feature_562,0.8227874076366424,0.9179029643535614,6,56,0.5416724445819854
Feature_748,0.8080373048782349,0.8321795284748077,7,84,0.540822382926941
Feature_129,0.8201628684997558,0.9052864372730255,6,12,0.5400977210998535
Feature_782,0.8331358140707016,0.9403647601604461,5,84,0.5398814884424209
Feature_753,0.8057368046045303,0.8439510703086853,7,105,0.5394420827627182
Feature_884,0.8320593023300169,0.9636047780513763,5,34,0.5392355813980101
Feature_473,0.8186318048089744,0.9175107538700104,6,21,0.5391790828853846
Feature_9,0.8172106045484544,0.9174703419208526,6,97,0.5383263627290726
Feature_606,0.8156941810250282,0.8750496923923492,6,103,0.5374165086150169
Feature_600,0.8139081871509554,0.8909278392791748,6,96,0.5363449122905732
Feature_824,0.8392574030160903,1.0004764318466186,4,38,0.5355544418096542
Feature_839,0.8392573422193527,1.0004764318466186,4,38,0.5355544053316116
Feature_613,0.8255721053481102,0.9520352482795715,5,101,0.5353432632088662
Feature_363,0.810021873190999,0.8632423937320709,6,33,0.5340131239145994
Feature_592,0.8229926383495331,0.901913332939148,5,120,0.5337955830097199
Feature_594,0.8094254121184349,0.8810944855213165,6,95,0.533655247271061
Feature_28,0.8226619619131089,0.9290465593338013,5,98,0.5335971771478654
Feature_669,0.8223875495791436,0.9553039610385895,5,92,0.5334325297474861
Feature_33,0.8183502864837646,0.9047094523906708,5,115,0.5310101718902588
Feature_612,0.8179493010044098,0.9233391523361206,5,90,0.5307695806026459
Feature_425,0.8012240666151047,0.9062595844268799,6,10,0.5287344399690628
Feature_588,0.8144201582670212,0.8910464704036712,5,110,0.5286520949602127
Feature_253,0.8005500078201294,0.9308916389942169,6,12,0.5283300046920777
Feature_611,0.8270707166194917,0.9520352482795715,4,95,0.528242429971695
Feature_736,0.8133721309900283,0.9087477445602417,5,61,0.528023278594017
Feature_752,0.7998429715633393,0.8313024699687958,6,87,0.5279057829380036
Feature_474,0.812884561419487,0.9082816243171692,5,31,0.5277307368516921
Feature_728,0.8127465486526487,0.9409871816635131,5,65,0.5276479291915892
Feature_507,0.8125403934717179,0.8871394336223603,5,17,0.5275242360830308
Feature_481,0.7989741617441177,0.9104334890842438,6,10,0.5273844970464706
Feature_454,0.8114917373657227,0.9194340646266937,5,40,0.5268950424194336
Feature_264,0.8112698140740395,0.873591947555542,5,16,0.5267618884444237
Feature_773,0.8101232942938805,0.9344954371452332,5,63,0.5260739765763283
Feature_682,0.8093697041273117,0.8927218556404114,5,82,0.525621822476387
Feature_418,0.806529069542885,0.9046864807605743,5,13,0.523917441725731
Feature_131,0.7930424344539643,0.9401680111885071,6,11,0.5238254606723786
Feature_437,0.8061462730169296,0.9386829316616059,5,11,0.5236877638101578
Feature_460,0.8058184957504272,0.8631334900856018,5,22,0.5234910974502563
Feature_466,0.8002977866027505,0.9144632697105408,5,21,0.5201786719616504
Feature_496,0.8000076615810393,0.8850460588932038,5,14,0.5200045969486236
Feature_626,0.7999603497982025,0.8889236867427825,5,109,0.5199762098789215
Feature_22,0.8112545990943909,0.8802560031414032,4,97,0.5187527594566346
Feature_913,0.7967912465333938,0.9082387983798981,5,30,0.5180747479200363
Feature_916,0.8090190970897675,0.9057673692703248,4,23,0.5174114582538605
Feature_601,0.8084270548820495,0.9130015075206757,4,86,0.5170562329292296
Feature_431,0.7950669959187509,0.9444556415081025,5,11,0.5170401975512505
Feature_667,0.8213759899139405,0.9553039610385895,3,88,0.5168255939483642
Feature_668,0.807835890352726,0.9207670629024506,4,82,0.5167015342116356
Feature_413,0.7810693371295929,0.913565456867218,6,11,0.5166416022777558
Feature_602,0.7942600494623184,0.8517150819301605,5,72,0.516556029677391
Feature_525,0.8073283547163008,0.9921429276466369,4,21,0.5163970128297805
Feature_1000,0.7803465211391448,0.903329211473465,6,29,0.5162079126834869
Feature_375,0.8066266757249834,0.9921429276466369,4,21,0.51597600543499
Feature_632,0.8018607732653619,0.8805518865585327,4,65,0.5131164639592171
Feature_157,0.7882338789105415,0.9795383512973785,5,11,0.5129403273463249
Feature_32,0.8006684297323228,0.901913332939148,4,111,0.5124010578393936
Feature_258,0.7850271141529083,0.8999318838119507,5,14,0.511016268491745
Feature_1134,0.8114818286895753,0.9223558366298675,3,13,0.5108890972137452
Feature_522,0.7973017513751983,0.8907918393611908,4,12,0.510381050825119
Feature_586,0.7965198224782943,0.8899491131305695,4,80,0.5099118934869766
Feature_688,0.794557196199894,0.8809160411357879,4,59,0.5087343177199364
Feature_432,0.7937045904994011,0.9795383512973785,4,11,0.5082227542996407
Feature_464,0.791882631124463,0.8952725350856781,4,22,0.5071295786746778
Feature_257,0.7911919450759888,0.877530860900879,4,16,0.5067151670455933
Feature_130,0.7906101435422898,0.9397653102874756,4,11,0.5063660861253738
Feature_604,0.7883445483446122,0.8695484638214112,4,61,0.5050067290067674
Feature_631,0.8011252665519715,0.9270940780639648,3,89,0.5046751599311828
Feature_491,0.7865771222114564,0.9422774195671082,4,10,0.5039462733268738
Feature_930,0.8128410321474077,0.9496809482574463,2,32,0.5037046192884446
Feature_442,0.785497213602066,0.8947961688041687,4,13,0.5032983281612396
Feature_503,0.7849239945411682,0.8926825225353241,4,15,0.5029543967247009
Feature_206,0.7844469583034515,0.9117190122604371,4,59,0.5026681749820708
Feature_687,0.7973470535874367,0.9332812249660491,3,79,0.502408232152462
Feature_764,0.7830270290374756,0.8946341574192047,4,42,0.5018162174224853
Feature_749,0.7959260731935501,0.8454480588436126,3,73,0.5015556439161301
Feature_674,0.7825463700294495,0.8726055681705475,4,44,0.5015278220176697
Feature_689,0.7921756640076637,0.9332812249660491,3,94,0.4993053984045982
Feature_750,0.7919798547029495,0.858914065361023,3,43,0.4991879128217697
Feature_513,0.7784260079264641,0.9676782369613648,4,98,0.4990556047558784
Feature_561,0.7892711973190308,0.9947737574577331,3,43,0.4975627183914185
Feature_296,0.7891632050275803,0.9947737574577331,3,43,0.49749792301654816
Feature_618,0.7751186460256576,0.8624948620796203,4,49,0.4970711876153946
Feature_664,0.7880115002393724,0.8984950125217438,3,46,0.49680690014362344
Feature_88,0.774637507200241,0.9950696885585785,4,18,0.4967825043201446
Feature_159,0.7740415114164352,0.8968286991119385,4,14,0.49642490684986107
Feature_234,0.7858512401208281,0.9144632697105408,3,21,0.49551074407249684
Feature_967,0.7842256969213486,0.9122730135917664,3,32,0.49453541815280916
Feature_1137,0.7841122001409531,0.9200508773326874,3,13,0.49446732008457184
Feature_89,0.7705297639966011,0.9950696885585785,4,18,0.4943178583979606
Feature_781,0.770528308749199,0.8512865602970123,4,80,0.4943169852495194
Feature_879,0.79661782681942,0.9496809482574463,2,32,0.49397069609165195
Feature_598,0.7959189417958259,0.8775756597518921,2,98,0.49355136507749553
Feature_903,0.7956980389356614,0.9942158401012421,2,30,0.4934188233613968
Feature_485,0.7556153643131256,0.9868981659412384,5,9,0.4933692185878753
Feature_608,0.7821605050563812,0.8990295767784119,3,55,0.49329630303382876
Feature_898,0.7953935641050339,0.9942158401012421,2,30,0.49323613846302033
Feature_855,0.7814477020502091,0.9230287671089172,3,28,0.4928686212301254
Feature_334,0.7677264291048049,0.8418915152549744,4,82,0.49263585746288296
Feature_14,0.7939923006296159,0.9130015075206757,2,81,0.49239538037776953
Feature_582,0.7805368185043335,0.9446156859397888,3,56,0.4923220911026001
Feature_856,0.78045505464077,0.9230287671089172,3,28,0.492273032784462
Feature_367,0.7654865348420572,0.8546578198671341,4,27,0.4912919209052343
Feature_31,0.7908645367622376,0.8910464704036712,2,101,0.49051872205734254
Feature_245,0.7500667887926101,0.9868981659412384,5,9,0.4900400732755661
Feature_484,0.7618013527989388,0.9422774195671082,4,10,0.48908081167936324
Feature_633,0.7875504124164582,0.9270940780639648,2,100,0.4885302474498749
Feature_30,0.7848458003997804,0.8899491131305695,2,76,0.4869074802398682
Feature_984,0.7571885019540787,0.903329211473465,4,31,0.4863131011724472
Feature_331,0.7703530597686769,0.8871646344661712,3,76,0.4862118358612061
Feature_233,0.7692238882556558,0.8968824326992035,3,21,0.4855343329533935
Feature_1138,0.7690557277202607,0.8263938009738923,3,97,0.4854334366321564
Feature_866,0.7540490406751632,0.9501120090484619,4,25,0.48442942440509795
Feature_927,0.7672512316703797,0.9057673692703248,3,22,0.4843507390022278
Feature_519,0.7666243378818035,0.8761852264404297,3,87,0.4839746027290821
Feature_707,0.7665093877911568,0.9811119437217712,3,16,0.4839056326746941
Feature_509,0.7796634736657142,0.8644278168678283,2,90,0.4837980841994285
Feature_708,0.7658972489833833,0.9722045660018921,3,16,0.48353834939003
Feature_848,0.7523102653026581,0.9501120090484619,4,20,0.4833861591815949
Feature_583,0.7763581043481828,0.9672024548053741,2,36,0.48181486260890966
Feature_427,0.7629473373293877,0.8939529836177826,3,13,0.48176840239763263
Feature_673,0.775680995285511,0.857625812292099,2,80,0.48140859717130663
Feature_709,0.762198800444603,0.9811119437217712,3,16,0.4813192802667618
Feature_652,0.7621894204616547,0.9694766938686371,3,14,0.48131365227699285
Feature_651,0.7610258007049561,0.9803037285804749,3,16,0.48061548042297364
Feature_416,0.7458724746108055,0.9487187683582305,4,9,0.4795234847664833
Feature_1083,0.758399309515953,0.8272428274154663,3,19,0.47903958570957184
Feature_614,0.7709004831314087,0.8246138036251068,2,76,0.4785402898788452
Feature_843,0.770347244143486,0.9700835943222046,2,18,0.47820834648609156
Feature_617,0.76977374792099,0.8471771657466889,2,91,0.477864248752594
Feature_42,0.7695257318019867,0.9672024548053741,2,34,0.477715439081192
Feature_648,0.7561677989363671,0.9635932683944702,3,34,0.47770067936182026
Feature_715,0.7559849721193312,0.9500904083251953,3,27,0.47759098327159877
Feature_125,0.7422822895646095,0.9487187683582305,4,9,0.47736937373876565
Feature_653,0.7555869793891907,0.9803037285804749,3,16,0.47735218763351445
Feature_777,0.7688038057088852,0.8414726614952087,2,69,0.4772822834253311
Feature_1067,0.7554109984636306,0.9250803649425506,3,22,0.47724659907817835
Feature_8,0.781924597620964,0.9179029643535614,1,52,0.4771547585725784
Feature_887,0.7812187087535858,0.865505576133728,1,42,0.47673122525215145
Feature_126,0.7541614538431168,0.9020771324634552,3,12,0.4764968723058701
Feature_1065,0.753620098233223,0.9250803649425506,3,22,0.47617205893993375
Feature_659,0.753584929406643,0.947197026014328,3,29,0.4761509576439858
Feature_374,0.753037556707859,0.915096229314804,3,26,0.4758225340247154
Feature_737,0.7663054883480072,0.9087477445602417,2,40,0.4757832930088043
Feature_212,0.7793905913829804,0.9194340646266937,1,36,0.4756343548297882
Feature_663,0.7519973123073578,0.8169592976570129,3,50,0.47519838738441467
Feature_647,0.751759548485279,0.9769280254840851,3,37,0.47505572909116744
Feature_277,0.7648319673538208,0.9676782369613648,2,94,0.47489918041229245
Feature_580,0.7648317426443101,0.9158182561397552,2,91,0.474899045586586
Feature_463,0.7637070564646273,0.8968824326992035,2,21,0.4742242338787764
Feature_717,0.7499172538518906,0.9500904083251953,3,26,0.47395035231113436
Feature_615,0.7629886603355407,0.8471771657466889,2,77,0.47379319620132443
Feature_456,0.7627956652641296,0.876822030544281,2,56,0.47367739915847773
Feature_780,0.7615221309661865,0.8405045628547668,2,75,0.4729132785797119
Feature_696,0.7478800135850907,0.9445702850818634,3,19,0.4727280081510544
Feature_704,0.7478772801160813,0.9637028515338898,3,21,0.4727263680696488
Feature_640,0.7476038485765457,0.9462600231170655,3,30,0.47256230914592745
Feature_469,0.7741266033705324,0.8968911170959473,1,21,0.47247596202231945
Feature_671,0.7606878596544266,0.857625812292099,2,72,0.472412715792656
Feature_661,0.746272012591362,0.947197026014328,3,29,0.4717632075548172
Feature_346,0.7595320618152619,0.8363015353679657,2,100,0.47171923708915714
Feature_539,0.7588724830746649,0.9959952116012574,2,27,0.47132348984479894
Feature_649,0.7450129795074464,0.9769280254840851,3,36,0.47100778770446783
Feature_703,0.744837270975113,0.9765214025974274,3,20,0.4709023625850678
Feature_294,0.7575684991478919,0.9959952116012574,2,27,0.4705410994887351
Feature_585,0.7575320565700532,0.9028261721134185,2,96,0.4705192339420319
Feature_371,0.7306803084164859,0.8660606563091278,4,25,0.47040818504989157
Feature_787,0.7705900675058365,0.9344954371452332,1,45,0.4703540405035019
Feature_41,0.7699959450960159,0.9446156859397888,1,57,0.46999756705760953
Feature_1135,0.7425406885147094,0.8937570154666901,3,13,0.4695244131088257
Feature_534,0.7157793655991554,0.9370508313179016,5,9,0.4694676193594932
Feature_581,0.7552330219745637,0.8991715550422669,2,77,0.4691398131847382
Feature_20,0.7678535813093185,0.8176085710525512,1,83,0.4687121487855911
Feature_370,0.740641576871276,0.860032108426094,3,26,0.4683849461227656
Feature_343,0.7538477492332458,0.8129931271076203,2,91,0.4683086495399475
Feature_701,0.7533726355433463,0.8984950125217438,2,20,0.4680235813260078
Feature_607,0.7529726511240005,0.810973870754242,2,49,0.4677835906744003
Feature_645,0.7527633836865426,0.8990295767784119,2,29,0.46765803021192554
Feature_1053,0.7381406996957958,0.9852953910827636,3,11,0.46688441981747747
Feature_1054,0.7380330832116305,0.9919231295585632,3,11,0.46681984992697834
Feature_705,0.7378833654522896,0.9765214025974274,3,20,0.46673001927137375
Feature_639,0.7503784480690955,0.9645795285701751,2,29,0.46622706884145726
Feature_775,0.7634342989325523,0.8362910330295563,1,82,0.4660605793595314
Feature_683,0.7365825992822648,0.8575098931789398,3,32,0.46594955956935885
Feature_1055,0.7360421256534755,0.9919231295585632,3,11,0.4656252753920853
Feature_695,0.749027550816536,0.967039954662323,2,23,0.46541653048992165
Feature_1050,0.7353348782658576,0.9728041827678681,3,12,0.4652009269595146
Feature_654,0.7352552652359009,0.9220978558063507,3,12,0.46515315914154054
Feature_710,0.7348045298457144,0.9256511688232422,3,12,0.4648827179074287
Feature_634,0.748021187186241,0.8143579125404358,2,54,0.4648127123117446
Feature_1051,0.7341961064934731,0.9728041827678681,3,11,0.4645176638960839
Feature_820,0.7459033784270287,1.0004764914512634,2,20,0.4635420270562172
Feature_978,0.7459033784270287,1.0004764914512634,2,20,0.4635420270562172
Feature_845,0.7581331080198288,0.9845727324485779,1,35,0.46287986481189725
Feature_40,0.7580018025636673,0.9158182561397552,1,90,0.4628010815382004
Feature_616,0.7446201109886169,0.8244459986686706,2,58,0.46277206659317016
Feature_823,0.7579408544301987,0.9845727324485779,1,35,0.4627645126581192
Feature_17,0.7571236926317215,0.8021249413490296,1,79,0.4622742155790329
Feature_1129,0.7299798712134361,0.9106752514839173,3,17,0.46198792272806166
Feature_349,0.7430412143468856,0.8190341532230377,2,86,0.4618247286081314
Feature_75,0.7295223468542098,0.8673521280288696,3,23,0.46171340811252587
Feature_937,0.769420039653778,0.769420039653778,0,31,0.4616520237922668
Feature_521,0.741596622467041,0.8069960296154022,2,92,0.46095797348022455
Feature_337,0.740629210472107,0.845158976316452,2,89,0.46037752628326417
Feature_579,0.7406137657165528,0.8895035922527313,2,78,0.4603682594299317
Feature_352,0.7404856783151627,0.8080956518650055,2,81,0.4602914069890976
Feature_641,0.7404039180278776,0.9645795285701751,2,27,0.4602423508167266
Feature_844,0.7528804817795753,0.9700835943222046,1,18,0.4597282890677452
Feature_295,0.7395084008574486,0.9952077507972718,2,33,0.4597050405144692
Feature_672,0.7393827933073045,0.8161844730377197,2,49,0.4596296759843827
Feature_555,0.7390962672233583,0.9952077507972718,2,33,0.459457760334015
Feature_670,0.752418270111084,0.8124221861362457,1,64,0.45945096206665037
Feature_699,0.7386619260907173,0.8865723192691803,2,16,0.4591971556544304
Feature_697,0.7381972515583038,0.967039954662323,2,23,0.4589183509349823
Feature_643,0.7381699922680854,0.8826387405395508,2,22,0.45890199536085124
Feature_208,0.7379964768886565,0.8218567728996277,2,29,0.45879788613319394
Feature_440,0.7378756096959114,0.8968286991119385,2,15,0.4587253658175468
Feature_776,0.7378108716011047,0.8428907632827759,2,66,0.4586865229606628
Feature_627,0.7374379798769951,0.8689290285110474,2,32,0.45846278792619705
Feature_535,0.7098047207295894,0.9513140141963958,4,7,0.45788283243775363
Feature_1132,0.7359223276376723,0.8421255707740783,2,17,0.45755339658260336
Feature_957,0.7490383523702622,0.8247460901737214,1,37,0.4574230114221573
Feature_56,0.722346593439579,0.8880959928035737,3,14,0.4574079560637474
Feature_448,0.7352895367145538,0.8684239387512207,2,11,0.45717372202873224
Feature_851,0.7215861487388611,0.9226686596870423,3,17,0.45695168924331664
Feature_650,0.7201609760522842,0.8952827632427216,3,26,0.45609658563137057
Feature_1033,0.7467205196619033,0.8264766812324524,1,19,0.456032311797142
Feature_515,0.7464546304941176,0.8938105404376984,1,78,0.4558727782964706
Feature_511,0.7326488476991653,0.8280609309673309,2,95,0.45558930861949914
Feature_1066,0.7188062959909438,0.9065442442893982,3,18,0.4552837775945663
Feature_532,0.7052410364151,0.9315312385559082,4,21,0.45514462184906
Feature_751,0.7452203264832497,0.8254724621772767,1,22,0.4551321958899498
Feature_39,0.7450771009922028,0.9028261721134185,1,91,0.45504626059532166
Feature_609,0.7449993255734444,0.8498834192752838,1,49,0.45499959534406664
Feature_512,0.730972768217325,0.8761852264404297,2,82,0.45458366093039504
Feature_917,0.7305424553155898,0.9018161833286286,2,22,0.4543254731893539
Feature_487,0.7167422965168952,0.937161660194397,3,11,0.45404537791013716
Feature_1082,0.7550951224565505,0.7862186074256897,0,14,0.4530570734739303
Feature_814,0.7011250299215318,0.8634319126605987,4,14,0.4526750179529191
Feature_236,0.7411025463789702,0.8968911170959473,1,21,0.4526615278273821
Feature_665,0.7403783023357392,0.8502550065517426,1,52,0.4522269814014435
Feature_853,0.713648115694523,0.9226686596870423,3,12,0.4521888694167138
Feature_1080,0.7532779002189638,0.7792579352855682,0,13,0.4519667401313783
Feature_536,0.6989337173104286,0.9621362328529358,4,7,0.45136023038625717
Feature_778,0.7248849782347678,0.8341246843338013,2,35,0.4509309869408607
Feature_591,0.7366089373826982,0.8885257780551911,1,46,0.4499653624296189
Feature_373,0.7095628134161234,0.915096229314804,3,26,0.449737688049674
Feature_690,0.736030177772045,0.8227116823196411,1,48,0.44961810666322705
Feature_417,0.722572768330574,0.8540503680706024,2,12,0.4495436609983444
Feature_18,0.7350212615728379,0.803654944896698,1,76,0.44901275694370274
Feature_660,0.7215539136528969,0.9079651951789856,2,27,0.44893234819173816
Feature_230,0.7337094824481756,0.8491835534572602,1,21,0.44822568946890534
Feature_716,0.7203650054335593,0.9133630990982056,2,20,0.4482190032601356
Feature_21,0.733038834631443,0.8254034459590912,1,67,0.44782330077886584
Feature_1130,0.7196077463030816,0.9106752514839173,2,17,0.44776464778184893
Feature_364,0.7457691977173091,0.7800005167722702,0,27,0.44746151863038547
Feature_584,0.73114002764225,0.8860282480716706,1,64,0.44668401658534995
Feature_1064,0.7040668317675591,0.8933229863643646,3,18,0.4464400990605355
Feature_706,0.7039309394359589,0.8952358961105347,3,15,0.44635856366157534
Feature_1056,0.7036354453675449,0.9073652505874634,3,12,0.4461812672205269
Feature_38,0.7298647594451904,0.8991715550422669,1,75,0.4459188556671142
Feature_415,0.7159710270166397,0.8917233526706696,2,13,0.44558261620998385
Feature_885,0.7291810807585717,0.9840588092803955,1,33,0.445508648455143
Feature_961,0.7414658021926879,0.7773496389389039,0,24,0.4448794813156127
Feature_964,0.7279638001322747,0.9840588092803955,1,32,0.4447782800793648
Feature_401,0.7278442940115929,0.803463152050972,1,56,0.4447065764069557
Feature_372,0.7008382717426866,0.8897293388843537,3,25,0.444502963045612
Feature_37,0.7270803898572922,0.8895035922527313,1,73,0.4442482339143753
Feature_666,0.7264053350687028,0.8404707252979279,1,35,0.44384320104122166
Feature_29,0.7263801169395447,0.8885257780551911,1,45,0.44382807016372683
Feature_1049,0.7122792473435402,0.9410219967365265,2,12,0.44336754840612413
Feature_419,0.7122151416540146,0.8318726420402527,2,12,0.44332908499240875
Feature_451,0.7118196219205857,0.8417159974575043,2,23,0.44309177315235143
Feature_1098,0.697680521486327,0.8915934383869171,3,11,0.4426083128917962
Feature_55,0.6971739524602889,0.8880959928035737,3,13,0.44230437147617335
Feature_397,0.7368924251198768,0.7840254724025726,0,81,0.4421354550719261
Feature_490,0.7225113108754158,0.9068868815898895,1,10,0.44150678652524944
Feature_517,0.7085253340005875,0.8277248263359069,2,64,0.4411152004003525
Feature_531,0.68112629160285,0.9621362328529358,4,6,0.44067577496170995
Feature_251,0.7073914471268653,0.937161660194397,2,11,0.44043486827611916
Feature_361,0.7333162933588029,0.7767806768417358,0,67,0.4399897760152817
Feature_462,0.7327466695010662,0.7932610022835433,0,22,0.43964800170063967
Feature_684,0.7191381135582924,0.8404595911502838,1,31,0.43948286813497545
Feature_692,0.7186588969826698,0.853745037317276,1,20,0.4391953381896019
Feature_629,0.7181071591377257,0.8073805034160614,1,28,0.43886429548263545
Feature_16,0.7309559941291809,0.7846899211406708,0,74,0.43857359647750854
Feature_423,0.7036016252636909,0.8509214282035827,2,10,0.4381609751582145
Feature_232,0.7299438409879804,0.7544025421142578,0,21,0.43796630459278824
Feature_610,0.7161466962099077,0.8380154609680176,1,49,0.4376880177259446
Feature_19,0.7289603084325791,0.7898963928222656,0,91,0.43737618505954745
Feature_36,0.7152582055330277,0.8860282480716706,1,62,0.4371549233198166
Feature_816,0.7151400473713875,0.8412310898303985,1,12,0.4370840284228325
Feature_80,0.7281236231327056,0.7906923353672027,0,61,0.43687417387962335
Feature_283,0.7145735213160516,0.8938105404376984,1,80,0.43674411278963093
Feature_933,0.7143683052062988,1.0004145681858063,1,16,0.4366209831237793
Feature_818,0.7143598073720933,1.0004145681858063,1,16,0.43661588442325594
Feature_405,0.7003777602314949,0.8340698659420014,2,15,0.43622665613889694
Feature_628,0.7135025197267534,0.8430713534355163,1,49,0.436101511836052
Feature_842,0.71333520591259,0.8264766812324524,1,22,0.436001123547554
Feature_942,0.713233727812767,0.9827967762947083,1,20,0.4359402366876602
Feature_391,0.7252975317835807,0.7633904129266739,0,80,0.43517851907014843
Feature_693,0.6983648830652236,0.8027905106544495,2,14,0.43501892983913415
Feature_865,0.6981916117668152,0.8725473046302795,2,17,0.43491496706008914
Feature_897,0.7113234424591064,0.9950780034065246,1,31,0.43479406547546384
Feature_958,0.7101554524898529,0.9827967762947083,1,20,0.43409327149391175
Feature_279,0.7100669682025909,0.8005592703819275,1,75,0.4340401809215545
Feature_15,0.7231941503286362,0.7846888780593873,0,50,0.4339164901971817
Feature_476,0.6964589130878448,0.8159711956977844,2,28,0.43387534785270687
Feature_924,0.7090687799453735,0.9950780034065246,1,31,0.4334412679672241
Feature_636,0.7080890777707101,0.8495219886302948,1,38,0.43285344666242603
Feature_472,0.7213213455956429,0.7896979212760925,0,21,0.43279280735738573
Feature_403,0.7071822193264962,0.8069960296154022,1,72,0.4323093315958977
Feature_702,0.7068977031111717,0.8531202852725983,1,23,0.43213862186670304
Feature_765,0.6921508777141571,0.8946341574192047,2,19,0.43129052662849426
Feature_355,0.718545441031456,0.78698028922081,0,70,0.4311272646188736
Feature_530,0.6898204782605171,0.9315312385559082,2,20,0.42989228695631027
Feature_1052,0.6881321072578429,0.8469566285610199,2,11,0.42887926435470575
Feature_1110,0.7133811920881271,0.7338910877704621,0,67,0.4280287152528763
Feature_637,0.6986843371391297,0.8098545432090759,1,21,0.4272106022834778
Feature_1046,0.6828418645262719,0.9570288479328155,2,11,0.42570511871576316
Feature_281,0.6952882742881775,0.8106405735015869,1,84,0.4251729645729065
Feature_646,0.6952588263154029,0.8445292949676514,1,28,0.42515529578924177
Feature_1047,0.6818125262856485,0.9570288479328155,2,11,0.4250875157713891
Feature_101,0.6939166808128356,0.9675131022930146,1,19,0.4243500084877014
Feature_868,0.7070427191257477,0.7506180703639984,0,47,0.4242256314754486
Feature_100,0.6934875431656838,0.8673521280288696,1,24,0.4240925258994103
Feature_920,0.7064795207977295,0.7703259110450744,0,17,0.42388771247863766
Feature_395,0.6928551289439201,0.9675131022930146,1,19,0.42371307736635205
Feature_393,0.6902920311689378,0.8280609309673309,1,66,0.42217521870136265
Feature_881,0.6901155513525008,0.8247460901737214,1,27,0.4220693308115005
Feature_993,0.7033741664886475,0.7546228110790253,0,33,0.42202449989318847
Feature_815,0.6886975449323656,0.8212017953395844,1,17,0.42121852695941936
Feature_864,0.7015792721509932,0.7323971867561341,0,15,0.42094756329059596
Feature_998,0.7013859850168229,0.7223625302314758,0,10,0.42083159101009376
Feature_779,0.6727370885014534,0.8228802561759949,2,16,0.41964225310087205
Feature_826,0.6722630977630615,0.9199779450893402,2,23,0.41935785865783687
Feature_69,0.6712021678686142,0.8261771321296691,2,13,0.41872130072116853
Feature_925,0.6972409176826477,0.7216932952404023,0,33,0.41834455060958864
Feature_686,0.6829152524471283,0.8404556035995483,1,28,0.41774915146827696
Feature_1128,0.6692693135142327,0.8351114988327026,2,15,0.4175615881085396
Feature_860,0.6825324529409409,0.8247481763362885,1,13,0.41751947176456455
Feature_642,0.6820256957411768,0.8317882657051087,1,23,0.4172154174447061
Feature_987,0.695104393362999,0.695104393362999,0,30,0.4170626360177994
Feature_161,0.6677599424123764,0.8908547341823578,2,12,0.41665596544742584
Feature_1084,0.6944030529260635,0.7335844695568084,0,31,0.4166418317556381
Feature_1125,0.6663457229733468,0.8314038991928101,2,9,0.4158074337840081
Feature_132,0.679150105714798,0.8917233526706696,1,11,0.4154900634288788
Feature_834,0.6641959117352962,0.871649831533432,2,8,0.41451754704117777
Feature_523,0.6900787669420242,0.7951337456703186,0,15,0.4140472601652145
Feature_883,0.6898995277285576,0.7782377362251282,0,30,0.4139397166371345
Feature_254,0.676543565094471,0.838514757156372,1,14,0.4139261390566826
Feature_499,0.6758655023574829,0.9111827194690705,1,13,0.4135193014144897
Feature_458,0.6596747992932797,0.8510536432266236,2,9,0.4118048795759678
Feature_340,0.6861689448356628,0.7664905041456223,0,62,0.4117013669013977
Feature_518,0.6726457479596137,0.844118332862854,1,40,0.41158744877576825
Feature_655,0.6724741917848587,0.8689290285110474,1,23,0.4114845150709152
Feature_711,0.6723659822344781,0.8575098931789398,1,15,0.41141958934068684
Feature_867,0.6848935002088546,0.7773496389389039,0,17,0.4109361001253128
Feature_444,0.6568651098012924,0.8261653006076812,2,13,0.41011906588077546
Feature_893,0.6567425549030304,0.993895161151886,2,10,0.4100455329418182
Feature_894,0.6567057788372039,0.993895161151886,2,10,0.41002346730232236
Feature_1117,0.6829313266277313,0.7817334592342376,0,20,0.4097587959766387
Feature_1034,0.6828684228658676,0.737376481294632,0,14,0.40972105371952056
Feature_630,0.6691360309720039,0.8309021532535553,1,49,0.40948161858320237
Feature_827,0.6691229248046875,0.9199779450893402,1,22,0.4094737548828125
Feature_892,0.6557204905152321,0.9919341683387757,2,10,0.40943229430913924
Feature_878,0.655585687160492,0.8573701500892639,2,23,0.40935141229629524
Feature_1045,0.6523173055052758,0.9176965177059173,2,11,0.40739038330316546
Feature_52,0.6787946259975433,0.7479153573513031,0,56,0.40727677559852593
Feature_685,0.6777470920979977,0.7940285921096801,0,24,0.4066482552587986
Feature_468,0.6747044461965561,0.742998731136322,0,21,0.4048226677179337
Feature_698,0.660300975739956,0.8248795807361603,1,12,0.4041805854439736
Feature_1090,0.6461259121447802,0.8774756968021393,2,7,0.4036755472868681
Feature_656,0.658988142311573,0.8430713534355163,1,23,0.4033928853869438
Feature_712,0.6584178254008293,0.8404595911502838,1,18,0.4030506952404976
Feature_578,0.6572950220108031,0.8788171768188476,1,26,0.4023770132064819
Feature_982,0.6699026960134506,0.6841119647026062,0,10,0.4019416176080704
Feature_433,0.6694655600190162,0.7948060452938079,0,10,0.40167933601140976
Feature_694,0.6556225880980493,0.8404707252979279,1,16,0.4013735528588296
Feature_358,0.6675882869958877,0.7104209989309311,0,50,0.4005529721975326
Feature_1131,0.6539715865254403,0.8351114988327026,1,14,0.4003829519152642
Feature_877,0.6399943172931672,0.9990795493125916,2,11,0.39999659037590035
Feature_876,0.6392506155371666,0.9990795493125916,2,11,0.3995503693222999
Feature_983,0.6515878441929818,0.8859873235225677,1,15,0.39895270651578907
Feature_399,0.6504301241040229,0.8277248263359069,1,43,0.39825807446241374
Feature_833,0.6370423433184624,0.9031673312187195,2,8,0.3982254059910775
Feature_1096,0.6482363452389837,0.8915934383869171,1,9,0.39694180714339017
Feature_849,0.6478719025850296,0.8181812703609467,1,11,0.39672314155101773
Feature_502,0.645326976776123,0.8102254331111908,1,15,0.3951961860656738
Feature_991,0.6584339594841003,0.7155600249767303,0,15,0.3950603756904602
Feature_325,0.6584314671158791,0.7113032877445221,0,40,0.39505888026952746
Feature_872,0.6583296459913254,0.7785094559192658,0,26,0.3949977875947952
Feature_813,0.6315491542220115,0.8608734726905822,2,8,0.3949294925332069
Feature_889,0.643654403090477,0.8092201232910157,1,14,0.39419264185428615
Feature_854,0.6427103814482689,0.8076824724674225,1,11,0.3936262288689613
Feature_819,0.6555511131882668,0.7433288812637329,0,14,0.39333066791296006
Feature_638,0.6394795750081539,0.8380154609680176,1,31,0.39168774500489234
Feature_871,0.6393821859359742,0.8181812703609467,1,11,0.3916293115615845
Feature_936,0.6389865991473198,0.913467139005661,1,12,0.3913919594883919
Feature_1097,0.6357779344962909,0.8615736961364746,1,9,0.3894667606977746
Feature_260,0.6356862804293633,0.9111827194690705,1,11,0.389411768257618
Feature_1123,0.6481872579455376,0.6605814754962921,0,74,0.3889123547673225
Feature_128,0.6478317028284073,0.7614055812358856,0,10,0.38869902169704434
Feature_644,0.6321869808435441,0.8214638710021973,1,9,0.3873121885061264
Feature_912,0.6308599877357481,0.9055326342582702,1,21,0.38651599264144887
Feature_691,0.6289412543177606,0.8018048524856567,1,11,0.38536475259065633
Feature_835,0.6150048178434372,0.9031673312187195,2,8,0.3850028907060623
Feature_700,0.6269437724351883,0.8161844730377197,1,8,0.384166263461113
Feature_430,0.6257604849338531,0.8908547341823578,1,8,0.3834562909603118
Feature_847,0.621722087264061,0.8859873235225677,1,19,0.3810332523584366
Feature_817,0.6082065436244011,0.8412310898303985,2,5,0.38092392617464066
Feature_662,0.6212914974987507,0.8026887238025665,1,14,0.3807748984992504
Feature_480,0.6072155234217643,0.8543501496315002,2,7,0.3803293140530586
Feature_635,0.6336387930810452,0.7963352382183075,0,14,0.3801832758486271
Feature_162,0.6196715492010116,0.8084989368915558,1,8,0.37980292952060696
Feature_328,0.6294018700718879,0.6755572140216828,0,35,0.3776411220431327
Feature_714,0.6156683216989041,0.8404556035995483,1,14,0.37740099301934243
Feature_657,0.6148528261482716,0.8073805034160614,1,13,0.376911695688963
Feature_831,0.6146710665524007,0.871649831533432,1,8,0.3768026399314404
Feature_1118,0.6273768118023872,0.7817334592342376,0,12,0.3764260870814323
Feature_284,0.6121901872754097,0.803130054473877,1,34,0.37531411236524587
Feature_1014,0.5983063318276255,0.8760400533676147,2,5,0.3749837990965753
Feature_852,0.6248353660106659,0.7980879843235016,0,9,0.37490121960639955
Feature_1136,0.6246921538561583,0.7295268131420016,0,13,0.374815292313695
Feature_804,0.6112950286269189,0.8608734726905822,1,7,0.3747770171761513
Feature_1092,0.6108033136278391,0.8031457670032978,1,7,0.3744819881767035
Feature_504,0.6223654942214489,0.745108446618542,0,12,0.37341929653286937
Feature_658,0.6086806012690067,0.8309021532535553,1,17,0.373208360761404
Feature_1036,0.6210160970687866,0.674519419670105,0,12,0.37260965824127196
Feature_247,0.6075410756468773,0.8302769064903259,1,8,0.3725246453881264
Feature_935,0.604585240483284,0.913467139005661,1,11,0.3707511442899704
Feature_412,0.6028627735376358,0.819454550743103,1,6,0.3697176641225815
Feature_905,0.6158028948307037,0.7126220643520356,0,18,0.36948173689842223
Feature_1035,0.6149005147814751,0.6728996872901917,0,11,0.36894030886888507
Feature_861,0.6114322689175605,0.7321669220924377,0,11,0.3668593613505363
Feature_799,0.596649681031704,1.0004764914512634,1,6,0.3659898086190224
Feature_857,0.596649681031704,1.0004764914512634,1,6,0.3659898086190224
Feature_1094,0.5964956001518295,0.8031457670032978,1,7,0.3658973600910977
Feature_989,0.6087530967593193,0.7542730331420898,0,12,0.36525185805559157
Feature_825,0.5946637114230544,0.8117752373218536,1,9,0.3647982268538326
Feature_77,0.6077491948008537,0.6598009288311004,0,40,0.36464951688051217
Feature_453,0.6065207201242447,0.7278949737548828,0,15,0.3639124320745468
Feature_97,0.6051908546686173,0.7027314960956573,0,21,0.3631145128011704
Feature_972,0.5771626651287078,0.9780066192150116,2,3,0.3622975990772247
Feature_1088,0.5903190082125366,0.8774756968021393,1,6,0.36219140492752194
Feature_1089,0.5903066912665964,0.8378669738769531,1,7,0.3621840147599578
Feature_798,0.5897818520665168,0.9055326342582702,1,10,0.36186911123991006
Feature_830,0.5747385349869728,0.8634130299091339,2,5,0.3608431209921837
Feature_810,0.5876818712055683,0.8332623958587646,1,7,0.36060912272334095
Feature_971,0.5737291753292084,1.0004764795303345,2,3,0.36023750519752507
Feature_869,0.5737291750311851,1.0004764795303345,2,3,0.3602375050187111
Feature_1145,0.5592871536791791,0.924328887462616,3,3,0.35957229220750747
Feature_1048,0.5971915927529334,0.772268658876419,0,8,0.35831495565176
Feature_873,0.5833927334845066,0.8092201232910157,1,7,0.35803564009070393
Feature_1095,0.5815920663299039,0.8189579248428345,1,8,0.35695523979794236
Feature_966,0.5539973141252995,0.9179263353347779,3,4,0.35639838847517974
Feature_1116,0.5932075360417366,0.6509742259979248,0,14,0.35592452162504196
Feature_1093,0.5917215449316428,0.7663473344873637,0,7,0.35503292695898564
Feature_811,0.5780744522809983,0.8332623958587646,1,7,0.354844671368599
Feature_1017,0.590216036438942,0.6276906311511994,0,14,0.3541296218633652
Feature_1126,0.5896100801229476,0.6022966146469116,0,10,0.35376604807376855
Feature_533,0.5761908280849457,0.8253625690937042,1,6,0.3537144968509674
Feature_718,0.5876399779319763,0.7869230270385742,0,8,0.3525839867591858
Feature_1146,0.5607046969130169,0.951978987455368,2,3,0.3524228181478102
Feature_83,0.5866066771745682,0.6627797961235047,0,20,0.3519640063047409
Feature_508,0.5853151568770408,0.7442744433879852,0,15,0.3511890941262245
Feature_493,0.5693231651186943,0.8302769064903259,1,7,0.3495938990712166
Feature_63,0.5813075408339501,0.6207645207643508,0,14,0.34878452450037006
Feature_577,0.5677997288107871,0.8788171768188476,1,9,0.3486798372864723
Feature_92,0.5786262518167496,0.6861531853675842,0,10,0.3471757510900498
Feature_1143,0.5508571441890672,0.951978987455368,2,3,0.3465142865134403
Feature_1013,0.5638046915501764,0.8071685373783112,1,5,0.3462828149301059
Feature_256,0.5768819892406464,0.7336330950260163,0,6,0.3461291935443878
Feature_488,0.5762220002710821,0.6899096667766571,0,7,0.34573320016264925
Feature_875,0.5487292768061162,0.9179263353347779,2,4,0.3452375660836697
Feature_1012,0.560162401655689,0.8760400533676147,1,5,0.3440974409934134
Feature_713,0.57322470292449,0.7940285921096801,0,7,0.343934821754694
Feature_1011,0.5697008238708078,0.7713893033564091,0,5,0.3418204943224847
Feature_87,0.5682446283102036,0.588549655675888,0,29,0.34094677698612214
Feature_1109,0.5523183751106262,0.8194514334201812,1,5,0.3393910250663757
Feature_99,0.5639083568751813,0.6672437578439713,0,25,0.33834501412510876
Feature_357,0.56274394325912,0.7769619971513748,0,7,0.337646365955472
Feature_64,0.559223808720708,0.6255764186382293,0,10,0.3355342852324248
Feature_356,0.5591895170509815,0.7769619971513748,0,6,0.3355137102305889
Feature_1108,0.5457582929730416,0.8302390933036804,1,6,0.33545497578382494
Feature_350,0.5583706474304199,0.6208030432462692,0,8,0.3350223884582519
Feature_1102,0.5423740211129189,0.8194514334201812,1,4,0.3334244126677513
Feature_348,0.5556469610333441,0.6499322086572648,0,7,0.33338817662000647
Feature_821,0.555538781285286,0.618394386768341,0,11,0.3333232687711716
Feature_828,0.5547346025705339,0.7430801689624786,0,7,0.3328407615423203
Feature_347,0.5534880784153937,0.6540520906448364,0,7,0.3320928470492362
Feature_940,0.5398809334635735,0.8179269433021545,1,7,0.3319285600781441
Feature_341,0.551754599660635,0.7546931624412536,0,6,0.331052759796381
Feature_870,0.5502623924612999,0.6739224910736084,0,7,0.33015743547677995
Feature_353,0.5494239029288293,0.6650446355342865,0,6,0.3296543417572975
Feature_342,0.5478694835305216,0.7546931624412536,0,7,0.3287216901183129
Feature_874,0.5200189456343651,0.8927567899227142,2,3,0.3280113673806191
Feature_1144,0.5330853036628105,0.8682231426239013,1,3,0.3278511821976863
Feature_1112,0.5433152550458908,0.5679333537817002,0,27,0.3259891530275345
Feature_354,0.5397082298994065,0.6300303339958191,0,7,0.3238249379396439
Feature_344,0.5393632599711419,0.6658144593238831,0,7,0.3236179559826851
Feature_1002,0.5380824205279351,0.6728977710008621,0,9,0.32284945231676104
Feature_351,0.537514523267746,0.6208030432462692,0,7,0.32250871396064756
Feature_339,0.5369326905161143,0.7234291404485702,0,6,0.32215961430966855
Feature_858,0.5217874123156071,0.8211070239543915,1,5,0.32107244738936425
Feature_90,0.5338143961131573,0.6173311561346054,0,10,0.32028863766789434
Feature_345,0.5328514345362783,0.6658144593238831,0,6,0.31971086072176697
Feature_1062,0.5319617420434951,0.543523034453392,0,9,0.3191770452260971
Feature_1101,0.5185756811499596,0.8302390933036804,1,5,0.3191454086899757
Feature_54,0.5297854778170585,0.606682687997818,0,7,0.3178712866902351
Feature_1091,0.5244185527227819,0.7273214912042022,0,5,0.31465113163366915
Feature_1122,0.5238844785094261,0.6355183869600296,0,20,0.31433068710565565
Feature_1111,0.5237947259563953,0.6355183869600296,0,20,0.3142768355738372
Feature_1057,0.5233780034771189,0.618351300060749,0,5,0.3140268020862714
Feature_338,0.522473225966096,0.7234291404485702,0,5,0.3134839355796576
Feature_79,0.5175056383013725,0.5730531603097916,0,7,0.31050338298082353
Feature_335,0.5156282255053519,0.7423944532871246,0,6,0.30937693530321114
Feature_992,0.514790351104748,0.6344664335250855,0,5,0.3088742106628488
Feature_965,0.5142769154906273,0.7194626063108445,0,3,0.30856614929437637
Feature_956,0.5140724790096283,0.6911526024341583,0,6,0.30844348740577693
Feature_76,0.5136498463153839,0.6051896333694458,0,5,0.30818990778923033
Feature_436,0.4992385120783001,0.8694080412387848,1,3,0.3075431072469801
Feature_953,0.498264887034893,0.8418131649494172,1,2,0.3069589322209358
Feature_829,0.5068716676533223,0.7430801689624786,0,5,0.3041230005919933
Feature_923,0.50623186647892,0.7204397976398468,0,2,0.303739119887352
Feature_863,0.5051743260025978,0.7204397976398468,0,3,0.30310459560155867
Feature_1099,0.5040969311445952,0.7648275673389435,0,6,0.30245815868675713
Feature_495,0.5038575100898742,0.751017439365387,0,5,0.3023145060539245
Feature_249,0.48837692320346837,0.8015383601188659,1,4,0.30102615392208104
Feature_1015,0.5016872838139533,0.5398613840341568,0,6,0.30101237028837197
Feature_931,0.500856418311596,0.569330507516861,0,6,0.3005138509869576
Feature_65,0.4988253976404667,0.5561628744006157,0,2,0.29929523858428
Feature_1087,0.49511084125377236,0.7879162013530732,0,5,0.2970665047522634
Feature_922,0.4916484276764096,0.5452244848012924,0,5,0.29498905660584573
Feature_332,0.4903709653764964,0.7972270786762238,0,5,0.29422257922589784
Feature_164,0.4770289342105388,0.8694080412387848,1,3,0.2942173605263233
Feature_1018,0.4872692981362343,0.5559547960758209,0,3,0.2923615788817406
Feature_389,0.47222707003355024,0.9885895788669586,1,1,0.29133624202013014
Feature_948,0.4851354816555977,0.6911526024341583,0,2,0.2910812889933586
Feature_514,0.48478522673249247,0.5526753574609756,0,3,0.2908711360394955
Feature_574,0.4706746592372656,0.9885895788669586,1,1,0.2904047955423594
Feature_336,0.482193358913064,0.7423944532871246,0,5,0.28931601534783835
Feature_1059,0.48178877986967567,0.5905320525169373,0,2,0.2890732679218054
Feature_359,0.4816579641774297,0.6870859533548355,0,4,0.2889947785064578
Feature_914,0.48129682838916776,0.5531774520874023,0,2,0.28877809703350066
Feature_73,0.4797394499182701,0.5343849837779999,0,2,0.28784366995096206
Feature_1100,0.477646781206131,0.6715601503849029,0,4,0.2865880687236786
Feature_1127,0.4775703221559525,0.7138954043388367,0,3,0.2865421932935715
Feature_252,0.4774159446358682,0.7140005469322205,0,5,0.2864495667815209
Feature_904,0.47703669607639315,0.5199388444423676,0,5,0.2862220176458359
Feature_158,0.47553936865180724,0.6798662006855011,0,4,0.28532362119108434
Feature_1063,0.47552782073616984,0.5394854754209518,0,4,0.2853166924417019
Feature_1139,0.46161885827779764,0.8407036066055298,1,3,0.2849713149666786
Feature_836,0.4718607074394822,0.7148235142230988,0,4,0.28311642446368934
Feature_1003,0.4711895695328712,0.6143058896064758,0,3,0.28271374171972274
Feature_909,0.47092627555131905,0.5676549702882767,0,3,0.2825557653307914
Feature_800,0.46805679380893705,0.5087925672531128,0,2,0.2808340762853622
Feature_576,0.4537343733850866,0.9915521621704102,1,3,0.28024062403105193
Feature_1107,0.45235809577628966,0.9101502060890198,1,3,0.27941485746577377
Feature_387,0.4523023083945736,0.9915521621704102,1,3,0.27938138503674415
Feature_1106,0.4516264753136784,0.9101502060890198,1,3,0.27897588518820704
Feature_537,0.4488470509648323,0.8639232993125916,1,1,0.27730823057889936
Feature_955,0.46208473384380344,0.5963142693042756,0,3,0.27725084030628205
Feature_538,0.4483956892043352,0.8639232993125916,1,1,0.27703741352260114
Feature_333,0.460889875497669,0.7972270786762238,0,4,0.2765339252986014
Feature_1142,0.44478265769779685,0.8407036066055298,1,3,0.2748695946186781
Feature_388,0.4435242787003517,0.992301481962204,1,1,0.27411456722021105
Feature_572,0.4432715859776363,0.992301481962204,1,1,0.27396295158658174
Feature_483,0.44146640107035634,0.8015383601188659,1,3,0.2728798406422138
Feature_990,0.45408841878175743,0.5236387372016906,0,1,0.27245305126905445
Feature_960,0.4401477777957917,0.8788952767848969,1,1,0.272088666677475
Feature_386,0.44002880305051806,0.989689153432846,1,3,0.2720172818303108
Feature_575,0.4400180824473501,0.989689153432846,1,3,0.27201084946841003
Feature_282,0.4501642400771379,0.5526753574609756,0,2,0.27009854404628275
Feature_928,0.4497907280921936,0.6005148708820343,0,1,0.26987443685531615
Feature_360,0.44912774452939636,0.5679564267396927,0,3,0.2694766467176378
Feature_959,0.4356022480130196,0.8788952767848969,1,2,0.26936134880781176
Feature_1119,0.4449397084116936,0.5071390926837921,0,1,0.26696382504701616
Feature_891,0.4446356311440468,0.6005148708820343,0,2,0.2667813786864281
Feature_94,0.44047547355294225,0.6137644797563553,0,2,0.26428528413176533
Feature_805,0.4376664474606514,0.7046698719263077,0,3,0.26259986847639083
Feature_794,0.43673222765326497,0.5053651422262192,0,1,0.262039336591959
Feature_1031,0.43655852566007525,0.4771689161658287,0,0,0.26193511539604514
Feature_806,0.42270584739744665,1.0000372767448424,1,1,0.261623508438468
Feature_807,0.42255797408521173,1.0000372767448424,1,1,0.26153478445112704
Feature_394,0.4353585270047187,0.5293449759483337,0,2,0.2612151162028312
Feature_934,0.4350786033272743,0.5963142693042756,0,2,0.2610471619963646
Feature_1148,0.43469929426908493,0.5346040010452271,0,1,0.26081957656145094
Feature_486,0.43276411563158035,0.7006056100130081,0,3,0.2596584693789482
Feature_801,0.41939212590456015,0.8418131649494172,1,3,0.2596352755427361
Feature_62,0.4323224852234125,0.7898744165897369,0,3,0.25939349113404747
Feature_837,0.43196936927357454,0.7678049236536026,0,2,0.2591816215641447
Feature_1006,0.4248890900611877,0.6143058896064758,0,2,0.2549334540367126
Feature_81,0.4218314014002681,0.7627501964569092,0,2,0.2530988408401608
Feature_1009,0.4200372782349587,0.6034657597541809,0,1,0.2520223669409752
Feature_1016,0.419681176841259,0.46122631430625916,0,0,0.25180870610475536
Feature_950,0.40516228482127187,0.8556112408638,1,2,0.2510973708927631
Feature_1121,0.41760130360722536,0.5794900715351105,0,1,0.2505607821643352
Feature_329,0.4149130747467279,0.7827351838350296,0,2,0.24894784484803673
Feature_808,0.41314974322915077,0.5054782301187515,0,1,0.24788984593749044
Feature_520,0.4128480936586857,0.5098262041807174,0,1,0.2477088561952114
Feature_330,0.4117841698229313,0.7827351838350296,0,3,0.2470705018937588
Feature_1008,0.4117815387248992,0.6034657597541809,0,1,0.2470689232349395
Feature_59,0.41084846638143063,0.7898744165897369,0,1,0.24650907982885836
Feature_1147,0.4091822022199631,0.5346040010452271,0,1,0.24550932133197784
Feature_929,0.4091021621227265,0.6322002738714219,0,2,0.2454612972736359
Feature_970,0.4086144974827766,0.5528575927019119,0,2,0.24516869848966596
Feature_53,0.3950818293634802,0.8488341867923737,1,3,0.2450490976180881
Feature_85,0.40634255722165114,0.5841965079307556,0,2,0.24380553433299068
Feature_107,0.4047962969541549,0.6676650762557983,0,1,0.24287777817249295
Feature_1150,0.40336281538009644,0.40997990071773527,0,0,0.24201768922805786
Feature_838,0.4012663611769677,0.7678049236536026,0,3,0.2407598167061806
Feature_1005,0.3976245386898517,0.5668735146522522,0,2,0.23857472321391102
Feature_952,0.3952965188026428,0.6030121505260467,0,2,0.2371779112815857
Feature_74,0.3930284877121449,0.4619696706533432,0,0,0.23581709262728692
Feature_1032,0.39114657988771795,0.4771689161658287,0,0,0.23468794793263076
Feature_812,0.3888916202820838,0.7046698719263077,0,2,0.23333497216925025
Feature_327,0.3749153256975114,0.8801832795143127,1,1,0.23294919541850684
Feature_947,0.37491286218166353,0.8556112408638,1,2,0.23294771730899813
Feature_326,0.36935175484046345,0.8801832795143127,1,2,0.22961105290427808
Feature_790,0.3816891375184059,0.5553976267576217,0,1,0.22901348251104353
Feature_439,0.3793159853550605,0.6221303105354309,0,3,0.2275895912130363
Feature_385,0.36583786711096766,0.9825334787368775,1,1,0.2275027202665806
Feature_954,0.378492076843977,0.42884855568408964,0,0,0.2270952461063862
Feature_103,0.37826449587941163,0.6676650762557983,0,2,0.22695869752764697
Feature_1004,0.376899444013834,0.47279698848724366,0,0,0.2261396664083004
Feature_573,0.3631765619199723,0.9825334787368775,1,1,0.22590593715198337
Feature_975,0.37450175881385805,0.37870006263256073,0,0,0.22470105528831483
Feature_793,0.3743880160152912,0.5437715858221054,0,2,0.22463280960917473
Feature_60,0.35986553713213654,0.8488341867923737,1,2,0.22391932227928193
Feature_250,0.37174049094319345,0.7006056100130081,0,2,0.22304429456591607
Feature_68,0.37134048037230966,0.42028390914201735,0,0,0.2228042882233858
Feature_862,0.3712275002896786,0.6612329751253128,0,1,0.22273650017380717
Feature_1073,0.36984357245266436,0.6504701912403107,0,2,0.22190614347159862
Feature_803,0.3662614743411541,0.5054782301187515,0,1,0.21975688460469245
Feature_1020,0.36618838272988796,0.740773743391037,0,2,0.21971302963793277
Feature_1149,0.366148527264595,0.485258349776268,0,0,0.21968911635875701
Feature_1010,0.36582563027739523,0.5668735146522522,0,1,0.21949537816643713
Feature_1141,0.3502741033909843,0.8420119643211365,1,3,0.21816446203459058
Feature_105,0.362798283547163,0.6594793558120727,0,2,0.2176789701282978
Feature_571,0.3477459838986397,0.9779839813709259,1,1,0.21664759033918382
Feature_384,0.34687228232622147,0.9779839813709259,1,1,0.21612336939573287
Feature_84,0.3518623188138008,0.44359777867794037,0,0,0.21111739128828047
Feature_1075,0.35164800520520656,0.7648275673389435,0,4,0.21098880312312393
Feature_51,0.351149864345789,0.5580657154321671,0,1,0.21068991860747338
Feature_1124,0.348082044001203,0.4211971700191498,0,0,0.20884922640072182
Feature_977,0.34632327079772945,0.3499362200498581,0,0,0.20779396247863766
Feature_1007,0.34628767758607865,0.47279698848724366,0,0,0.20777260655164717
Feature_1019,0.34626747816801073,0.4904115855693817,0,0,0.20776048690080642
Feature_795,0.34626337960362435,0.5528575927019119,0,1,0.2077580277621746
Feature_859,0.346073026061058,0.6612329751253128,0,1,0.20764381563663478
Feature_882,0.33187126331031325,0.8179269433021545,1,1,0.20712275798618796
Feature_489,0.3366788725554943,0.7140005469322205,0,1,0.20200732353329656
Feature_976,0.33422761261463163,0.3714704155921936,0,0,0.20053656756877897
Feature_850,0.33157615538686513,0.39299097657203674,0,0,0.19894569323211908
Feature_61,0.33153014149516824,0.6236073613166809,0,1,0.19891808489710094
Feature_949,0.3302129914611578,0.7559363842010498,0,2,0.19812779487669466
Feature_1140,0.31470391706563533,0.8420119643211365,1,3,0.1968223502393812
Feature_802,0.3145126727223396,0.9536730885505676,1,1,0.19670760363340378
Feature_278,0.32718022942543035,0.3956586867570877,0,0,0.1963081376552582
Feature_1103,0.3251142148673535,0.4804902672767639,0,0,0.19506852892041207
Feature_789,0.30490522310137746,0.9536730885505676,1,1,0.19094313386082648
Feature_1133,0.3157119034952484,0.35094911232590675,0,0,0.18942714209714903
Feature_72,0.31388539209961885,0.38827342092990874,0,0,0.1883312352597713
Feature_996,0.31346947826445104,0.42715810760855677,0,0,0.1880816869586706
Feature_846,0.3124306649714709,0.4286633789539337,0,0,0.18745839898288252
Feature_108,0.3119617032259702,0.5771276891231537,0,1,0.18717702193558214
Feature_1023,0.31186954230070113,0.740773743391037,0,1,0.18712172538042068
Feature_57,0.31133729532361026,0.44359777867794037,0,0,0.18680237719416615
Feature_981,0.3102265393733978,0.5127323746681214,0,1,0.18613592362403866
Feature_71,0.3101086113229394,0.33802915215492246,0,0,0.18606516679376361
Feature_1104,0.3085845310240984,0.4804902672767639,0,0,0.18515071861445903
Feature_994,0.3017266907542944,0.42715810760855677,0,0,0.18103601445257664
Feature_96,0.29714815098792313,0.4236651688814163,0,0,0.17828889059275388
Feature_1074,0.2964552330551669,0.5647576570510864,0,2,0.17787313983310013
Feature_160,0.29006008012220263,0.4886797100305557,0,0,0.17403604807332157
Feature_414,0.2866775126010179,0.6101048827171326,0,2,0.17200650756061076
Feature_93,0.2840032828971743,0.46457878053188323,0,0,0.17040196973830457
Feature_400,0.27815203060396015,0.3237826570868492,0,0,0.16689121836237608
Feature_980,0.2739531855285168,0.5127323746681214,0,1,0.16437191131711007
Feature_809,0.27388774394989013,0.4933983251452446,0,0,0.16433264636993408
Feature_70,0.2724709402769804,0.3649223014712334,0,0,0.16348256416618823
Feature_1072,0.26984022645512595,0.7263046145439148,0,2,0.16190413587307556
Feature_323,0.26805292353965343,0.6681548535823822,0,1,0.16083175412379205
Feature_95,0.26532154917716977,0.42136413156986235,0,0,0.15919292950630184
Feature_951,0.264793484210968,0.43918060064315795,0,0,0.15887609052658078
Feature_498,0.257504632435739,0.5576866447925568,0,1,0.1545027794614434
Feature_67,0.2509943676088005,0.5094563156366348,0,1,0.1505966205652803
Feature_390,0.2492468164116144,0.2931310713291168,0,0,0.14954808984696863
Feature_324,0.24907818740233778,0.6681548535823822,0,1,0.14944691244140265
Feature_66,0.2484770760685205,0.30054264813661574,0,0,0.1490862456411123
Feature_1024,0.24841930449008945,0.5189233362674713,0,1,0.14905158269405366
Feature_280,0.2446169050782919,0.29710440784692765,0,0,0.14677014304697514
Feature_997,0.24144168518483639,0.3725553289055824,0,0,0.14486501111090183
Feature_921,0.24040407545864578,0.2556087143719196,0,0,0.14424244527518745
Feature_50,0.23583870455622674,0.41043255031108855,0,0,0.14150322273373603
Feature_1113,0.23358768723905085,0.49472616612911224,0,0,0.14015261234343052
Feature_792,0.23110415878240018,0.2931634247303009,0,0,0.1386624952694401
Feature_1021,0.22964278146624562,0.3986959680914879,0,0,0.13778566887974736
Feature_510,0.22870177065953615,0.2781608164310455,0,0,0.13722106239572168
Feature_1070,0.22827557679265736,0.43676103055477145,0,0,0.1369653460755944
Feature_429,0.2281656911270693,0.47200036942958834,0,0,0.1368994146762416
Feature_1115,0.22259798549115656,0.5044509708881378,0,1,0.13355879129469392
Feature_78,0.22231480811489748,0.23987654447555543,0,0,0.1333888848689385
Feature_1025,0.22195924833416938,0.36195468306541445,0,0,0.13317554900050163
Feature_1068,0.22121751665370537,0.6101071119308472,0,1,0.13273050999222322
Feature_880,0.2196936384122819,0.2577462702989578,0,0,0.13181618304736914
Feature_58,0.21887661627493799,0.7410695910453796,0,1,0.13132596976496277
Feature_1026,0.2179753636568785,0.3986959680914879,0,0,0.13078521819412708
Feature_797,0.2149507591908332,0.2911085531115532,0,0,0.12897045551449993
Feature_995,0.2147072020173073,0.3725553289055824,0,0,0.12882432121038437
Feature_938,0.2087513527274132,0.29042319059371946,0,0,0.1252508116364479
Feature_1027,0.20189792141318322,0.24743707180023194,0,0,0.12113875284790993
Feature_246,0.20167890921235085,0.4504489690065384,0,0,0.1210073455274105
Feature_911,0.1986318465194199,0.21955431640380993,0,0,0.11917910791165193
Feature_82,0.19835707861930132,0.412597593665123,0,0,0.1190142471715808
Feature_516,0.1958593651652336,0.26418325304985046,0,0,0.11751561909914016
Feature_1069,0.1938650043657981,0.6101071119308472,0,1,0.11631900261947885
Feature_1022,0.19303155433386565,0.3733959287405014,0,0,0.11581893260031939
Feature_1114,0.19114244639873507,0.5044509708881378,0,1,0.11468546783924104
Feature_1071,0.18627081744605672,0.4564953356981277,0,0,0.11176249046763403
Feature_86,0.185873257254716,0.7410695910453796,0,1,0.11152395435282961
Feature_106,0.185517256539315,0.29814721941947936,0,0,0.111310353923589
Feature_1028,0.18345622427761554,0.24484596401453018,0,0,0.11007373456656933
Feature_796,0.18192464345134796,0.31326021403074267,0,0,0.10915478607080877
Feature_890,0.17612995035247878,0.1981124896556139,0,0,0.10567797021148727
Feature_1029,0.17377395845949647,0.32730662673711775,0,0,0.10426437507569788
Feature_98,0.17221213074342814,0.2698649615049362,0,0,0.10332727844605688
Feature_396,0.169132763966918,0.20472442656755446,0,0,0.1014796583801508
Feature_91,0.16772971816826615,0.23431038102135063,0,0,0.1006378309009597
Feature_435,0.16714629846625031,0.3704655759036541,0,0,0.10028777907975019
Feature_492,0.15834439871861833,0.3315349996089935,0,0,0.09500663923117099
Feature_1030,0.15780530720949174,0.3733959287405014,0,0,0.09468318432569504
Feature_791,0.15090016348287466,0.2859020039439201,0,0,0.0905400980897248
Feature_1105,0.13158684127032755,0.28350909710861744,0,0,0.07895210476219652
Feature_832,0.11881351190619172,0.14739602492190898,0,0,0.07128810714371503
Feature_482,0.1147027962136781,0.17793732285499572,0,0,0.06882167772820685
Feature_102,0.11213621757924556,0.22603379786014557,0,0,0.06728173054754734
Feature_248,0.10645057300105691,0.29837884157896044,0,0,0.06387034380063414
Feature_402,0.0943423159746453,0.11505382768809795,0,0,0.05660538958478718
Feature_392,0.07917487542959861,0.09626642763614654,0,0,0.047504925257759165
Feature_104,0.06512655683327466,0.11719171926379204,0,0,0.03907593409996479
Feature_398,0.06470406794454901,0.07783057782799005,0,0,0.03882244076672941
